طبقه,زیربنا,خواب,تلفن,آشپزخانه,سرویس,کفپوش,OPEN,پارکینگ,انباری,بالکن,غربی,شرقی,شمالی,جنوبی,code
3,65,2,1,MDF,ايرانی,سراميک,1,0,1,1,1,0,0,1,10334138
2,74,2,1,MDF,ايراني فرنگي,سراميک,1,0,0,1,1,0,0,1,10348264
5,160,3,1,MDF,ايراني فرنگي,سراميک,1,0,1,0,0,0,1,0,10299165
4,81,2,1,MDF,ايراني فرنگي,سراميک,1,0,1,1,0,0,0,1,10416155
2,215,4,1,MDF,ايراني فرنگي,سنگ,1,0,1,1,0,0,0,1,10265517
4,211,3,1,هایگلاس,ايراني فرنگي,سنگ,1,0,1,1,0,0,0,1,10266469
5,123,3,1,MDF,ايراني فرنگي,سنگ,1,0,1,0,0,0,0,1,10299750
1,110,2,1,MDF,ايراني فرنگي,پارکت,1,0,1,1,0,0,1,0,10300827
2,130,2,1,MDF,ايرانی,سراميک,1,0,1,1,0,0,0,1,10416156
2,160,3,1,MDF,ايراني فرنگي,پارکت,1,0,1,0,0,0,1,0,10333608
4,255,3,1,هایگلاس,ايراني فرنگي,سنگ,1,0,1,1,0,0,1,1,3881362
2,162,2,1,فلزي,ايراني فرنگي,سراميک,0,0,1,0,0,0,1,0,10251605
4,129,3,1,MDF,ايراني فرنگي,سنگ,1,0,1,1,0,0,0,1,10416157
زیرهمكف,59,1,1,MDF,ايرانی,سراميک,1,0,1,0,0,0,0,1,10275641
5,153,3,1,MDF,ايراني فرنگي,سنگ سراميک,1,0,1,1,0,0,1,0,3393525
2,125,2,,MDF,ايراني فرنگي,سراميک,1,0,1,1,0,0,0,1,10416159
4,66,2,1,MDF,ايرانی,سراميک,1,0,1,1,1,0,0,0,10416160
4,83,2,1,MDF,ايراني فرنگي,سراميک,1,0,1,0,0,0,0,1,10257827
4,53,1,1,MDF,ايرانی,سراميک,1,0,1,0,0,0,0,1,10334148
4,100,2,1,MDF,ايراني فرنگي,سراميک,1,0,1,0,0,0,0,1,10274119
1,86,2,1,MDF,ايراني فرنگي,سراميک,1,0,1,0,1,0,0,1,10332375
3,60,1,1,MDF,ايرانی,سراميک,1,0,1,0,0,0,0,0,10335533
10,128,3,1,دلخواه,ايراني فرنگي,سراميک,1,0,1,1,0,0,0,1,3884917
13,195,3,0,چوبي,ايراني فرنگي,سنگ,1,0,1,1,1,0,0,1,10299679
1,62,1,1,MDF,ايراني فرنگي,سراميک,1,0,1,0,0,0,0,0,10335375
2,63,1,1,MDF,ايرانی,سراميک,1,0,1,0,0,0,0,1,10263256
4,112,2,1,MDF,ايرانی,سراميک,1,0,0,1,0,0,0,1,10251352
2,138,3,1,MDF,ايراني فرنگي,سراميک,1,0,1,1,1,0,1,1,10203051
3,80,2,1,چوبي,ايراني فرنگي,سراميک,1,0,0,1,0,0,1,1,10276136
4,150,3,1,MDF,ايراني فرنگي,سنگ,1,0,1,1,0,0,0,1,3992534
2,89,2,1,چوبي,ايراني فرنگي,سنگ,1,0,1,1,0,0,0,1,10275178
3,104,2,1,MDF,ايراني فرنگي,سنگ,1,0,1,1,0,0,0,1,10261965
4,77,2,1,MDF,ايرانی,سراميک,1,0,1,1,1,0,0,1,10334939
16,193,3,1,MDF,ايراني فرنگي,سنگ,1,0,1,1,0,0,1,1,10351003
همكف,73,1,1,MDF,ايراني فرنگي,سراميک,1,0,1,0,0,0,1,0,10354313
1,113,3,1,MDF,ايراني فرنگي,سراميک,1,0,1,1,0,0,0,1,10334906
9,111,2,1,چوبي,ايراني فرنگي,سنگ,1,0,1,0,0,0,0,1,10334914
7,115,3,1,MDF,ايراني فرنگي,پارکت,1,0,1,1,1,1,0,0,10256692
14,143,3,1,چوبي,ايراني فرنگي,سراميک,1,0,1,1,0,0,0,1,10164860
2,140,2,1,MDF,ايراني فرنگي,سنگ,1,0,0,0,1,0,0,1,10332579
4,63,1,1,MDF,ايراني فرنگي,سراميک,1,0,1,1,0,0,1,0,10254101
1,90,2,1,MDF,ايراني فرنگي,سراميک,1,0,0,0,0,0,0,1,10258000
12,80,1,1,MDF,ايرانی,سراميک,1,0,1,1,0,0,0,1,10103883
7,91,2,2,MDF,ايراني فرنگي,لامنيت,1,0,1,0,1,0,1,0,10201465
1,65,2,1,فلزي,ايرانی,سراميک,0,0,1,1,0,0,0,1,10416172
4,85,2,1,MDF,ايراني فرنگي,سنگ,1,0,1,1,0,0,0,1,10405287
2,63,2,1,MDF,ايراني فرنگي,سراميک,1,0,0,0,0,0,1,0,10260133
1,145,2,1,MDF,ايراني فرنگي,سراميک,1,0,1,1,0,0,1,1,3976891
10,127,2,1,ندارد,ايراني فرنگي,سراميک,0,0,1,1,0,0,1,0,10334723
5,102,2,1,MDF,ايراني فرنگي,سراميک,1,0,1,1,0,1,0,1,3586261
9,89,2,1,MDF,ايراني فرنگي,سراميک,1,0,1,1,0,1,0,1,3667473
3,58,1,1,MDF,ايرانی,سنگ,1,0,1,1,0,0,0,1,10183302
2,136,3,2,MDF,ايراني فرنگي,سراميک,1,0,1,1,0,0,0,1,3965070
17,163,3,1,ندارد,ايراني فرنگي,سراميک,1,0,1,1,0,0,0,1,3838053
5,78,2,1,MDF,ايراني فرنگي,سراميک,1,0,1,1,0,0,0,1,10129137
3,103,2,1,هایگلاس,ايراني فرنگي,سنگ,1,0,1,1,0,0,1,0,10270949
4,147,3,1,MDF,ايراني فرنگي,سنگ,1,0,1,1,0,0,0,1,3842082
1,135,3,1,MDF,ايراني فرنگي,سراميک,1,0,1,1,0,0,0,1,10218641
1,120,3,1,MDF,ايراني فرنگي,سراميک,1,0,1,1,0,0,1,0,10275264
4,124,3,1,هایگلاس,ايراني فرنگي,سراميک,1,0,1,1,0,0,0,0,10272630
3,70,2,1,MDF,ايراني فرنگي,سراميک,1,0,1,1,0,0,1,0,10347648
4,45,1,1,MDF,ايرانی,سراميک,1,0,1,0,0,0,0,1,10416174
4,93,2,1,MDF,ايراني فرنگي,پارکت,1,0,1,1,0,0,0,0,10350000
4,53,1,1,هایگلاس,فرنگی,سراميک,1,0,1,0,0,0,0,1,3961543
3,98,2,1,MDF,فرنگی,سراميک,1,0,1,1,0,0,1,0,10352360
4,62,2,1,MDF,ايرانی,سراميک,1,0,1,1,0,0,0,1,10200330
2,80,1,0,MDF,فرنگی,موزائيک,0,0,0,1,0,1,0,0,10416178
همكف,44,1,1,MDF,ايرانی,سراميک,1,0,1,1,0,0,0,0,10350480
همكف,76,2,1,MDF,ايراني فرنگي,سراميک,1,0,1,1,0,0,0,1,10416190
2,111,2,0,MDF,ايراني فرنگي,سنگ,1,0,1,1,0,0,1,1,10416192
3,233,4,1,MDF,ايراني فرنگي,سراميک,1,0,1,1,0,0,0,0,10259715
3,120,2,1,هایگلاس,ايراني فرنگي,سنگ,1,0,0,0,0,0,0,1,10301668
4,86,2,1,هایگلاس,ايراني فرنگي,سنگ,1,0,0,1,0,0,0,1,10351218
1,46,1,1,MDF,ايراني فرنگي,سراميک,1,0,0,0,0,0,1,0,10416198
2,108,2,1,MDF,ايراني فرنگي,سراميک,1,0,1,0,0,0,0,0,10268697
4,98,2,1,MDF,ايراني فرنگي,پارکت,0,0,1,1,0,0,1,1,10416204
2,143,3,1,MDF,ايراني فرنگي,سراميک,1,0,1,1,0,0,1,0,10243418
1,55,1,1,MDF,ايرانی,سراميک,1,0,0,0,0,0,1,0,10275346
4,49,1,1,MDF,ايرانی,سراميک,1,0,0,1,0,0,1,0,10275322
3,100,2,1,MDF,ايراني فرنگي,سنگ,1,0,0,1,0,0,1,0,10346375
3,90,2,1,MDF,ايرانی,سراميک,1,0,1,1,0,0,1,0,10267981
2,43,1,1,MDF,ايرانی,سراميک,1,0,1,0,0,0,1,0,10415661
5,77,2,1,MDF,ايراني فرنگي,سراميک,0,0,1,1,0,0,0,0,10416211
4,76,2,1,MDF,ايرانی,سراميک,1,0,1,1,0,0,0,1,3286261
1,96,2,1,MDF,ايراني فرنگي,سراميک,1,0,1,1,0,0,0,1,10133447
1,104,2,1,MDF,ايراني فرنگي,سنگ,1,0,0,1,0,0,0,1,10416213
6,113,2,1,MDF,ايراني فرنگي,سراميک,1,0,1,1,0,0,0,1,10275789
4,100,2,1,MDF,ايراني فرنگي,سنگ,1,0,1,1,1,0,0,1,10416215
2,72,2,1,MDF,ايراني فرنگي,سراميک,1,0,1,1,0,0,0,1,3906324
1,95,2,1,MDF,ايراني فرنگي,سراميک,1,0,0,1,0,1,0,0,10349996
1,71,2,1,MDF,ايرانی,سراميک,1,0,1,0,0,0,0,1,10351556
3,72,2,1,MDF,ايراني فرنگي,سراميک,1,0,0,0,0,0,1,0,10299397
2 و همكف,94,2,1,MDF,ايراني فرنگي,پارکت,1,0,1,1,0,0,1,0,10263267
3,84,2,0,چوبي,ايراني فرنگي,سراميک,1,0,1,1,0,0,0,1,10416219
2,177,3,1,MDF,ايراني فرنگي,پارکت,0,0,1,1,0,0,0,1,10298234
3,158,3,1,MDF,ايراني فرنگي,سنگ,1,0,1,1,0,0,1,0,10272212
3,70,2,1,MDF,ايرانی,سراميک,1,0,1,0,0,0,1,0,10267636
13,89,2,1,MDF,ايراني فرنگي,سراميک,1,0,1,1,1,0,0,0,10416220
3,70,2,1,MDF,ايرانی,سراميک,1,0,1,1,0,0,0,1,10335838
2,75,2,0,MDF,ايراني فرنگي,پارکت,1,0,1,1,0,0,0,1,10416222
5,87,2,1,MDF,ايراني فرنگي,سنگ,1,0,1,0,0,0,1,0,10335684
4,50,1,1,MDF,ايرانی,سراميک,1,0,1,1,0,0,0,0,10298355
4,62,2,1,MDF,ايرانی,سراميک,1,0,1,0,0,0,1,0,10148339
3,94,2,1,MDF,ايراني فرنگي,لامنيت,1,0,1,1,0,0,1,1,10405313
4,65,1,1,MDF,ايرانی,سنگ,1,0,1,0,0,0,0,1,10405314
4,45,1,1,MDF,ايرانی,سراميک,1,0,1,1,0,0,0,1,10335728
4,65,1,1,MDF,ايرانی,سراميک,1,0,1,0,0,0,1,0,10335731
2,78,2,1,MDF,ايراني فرنگي,سراميک,1,0,0,1,0,0,1,0,10405320
همكف,65,2,1,MDF,ايرانی,سراميک,1,0,1,0,0,0,0,0,10335602
3,42,1,1,MDF,ايرانی,سنگ,1,0,1,0,0,0,0,0,10335628
2,202,3,1,فول فرنيش,ايراني فرنگي,سنگ,1,0,1,1,0,0,0,1,3965082
4,40,1,1,MDF,ايرانی,سراميک,1,0,1,0,0,1,0,0,10301116
2,73,2,1,MDF,ايرانی,سراميک,1,0,1,0,0,0,0,1,10405324
3,80,2,0,دلخواه,ايراني فرنگي,سنگ,0,0,0,1,0,0,1,0,10405325
4,65,2,1,MDF,ايراني فرنگي,سنگ,1,0,1,1,0,0,0,1,10405326
3,59,1,1,MDF,ايرانی,سراميک,1,0,1,0,0,0,1,0,10405328
1,123,3,1,MDF,ايراني فرنگي,سراميک,1,0,1,1,0,0,0,1,3828597
3,51,1,1,MDF,ايرانی,سراميک,1,0,1,1,0,0,1,1,10405329
1,45,1,1,MDF,ايرانی,سراميک,1,0,1,0,0,0,1,1,10405331
1,135,3,1,MDF,ايراني فرنگي,سنگ,1,0,1,1,0,0,0,1,10125573
1,55,1,1,MDF,ايراني فرنگي,لامنيت,1,0,1,0,0,0,1,0,10202835
3,76,2,1,MDF,ايرانی,سراميک,1,0,1,1,0,0,0,1,10405333
3,142,3,1,MDF,ايراني فرنگي,سنگ,1,0,1,1,0,0,0,1,3352965
4,58,1,1,MDF,ايراني فرنگي,سراميک,1,0,1,0,0,0,1,0,10332425
2,116,3,1,MDF,ايرانی,سراميک,1,0,1,1,0,0,1,0,10246372
4,58,1,1,MDF,ايراني فرنگي,سراميک,1,0,0,0,0,0,0,1,10219013
4,49,1,1,MDF,ايرانی,نا مشخص,1,0,1,0,0,0,1,0,10251645
4,60,2,1,MDF,ايراني فرنگي,سراميک,1,0,1,0,0,0,1,0,10300880
3,85,2,1,MDF,ايراني فرنگي,پارکت,1,0,1,1,0,0,0,1,10205666
5,80,2,1,نا مشخص,ايراني فرنگي,سنگ,1,0,1,1,0,0,1,0,10405334
3,63,1,1,MDF,ايرانی,سراميک,1,0,0,1,0,0,0,1,10332393
4,145,3,1,فلزي,ايراني فرنگي,سراميک,1,0,1,1,0,0,1,0,10126090
4,64,2,1,MDF,ايرانی,سنگ,1,0,1,0,0,0,0,1,10335663
3,110,3,1,نا مشخص,ايراني فرنگي,سراميک,1,0,1,1,0,0,0,1,10405338
7,145,3,1,فول فرنيش,ايراني فرنگي,سنگ,0,0,1,1,0,1,0,0,10336287
مختلف,100,2,1,چوبي,ايراني فرنگي,سنگ,1,0,1,1,0,0,1,1,10335712
4,83,2,1,MDF,ايراني فرنگي,سراميک,1,0,1,1,0,0,1,1,10405340
مختلف,120,3,1,چوبي,ايراني فرنگي,سنگ,1,0,1,1,0,0,1,1,10335714
1,126,3,1,MDF,ايراني فرنگي,سراميک,1,0,1,1,0,0,0,0,10405342
2,59,1,1,MDF,ايرانی,سراميک,1,0,1,1,0,0,0,1,10255525
5,73,2,1,MDF,ايراني فرنگي,سراميک,1,0,0,0,0,1,0,0,10405343
3,91,2,1,MDF,ايراني فرنگي,سراميک,1,0,1,1,0,0,0,0,10267509
4,69,2,1,MDF,ايرانی,سراميک,1,0,1,1,0,0,1,0,10405344
1,105,2,1,MDF,ايراني فرنگي,سراميک,1,0,1,0,0,0,1,0,10268963
4,41,1,1,MDF,ايرانی,سراميک,1,0,0,1,0,0,0,1,10405345
1,220,4,1,MDF,ايرانی,سراميک,1,0,1,0,0,0,1,1,10296725
2,70,1,1,چوبي فلزي,ايرانی,سراميک,0,0,0,0,0,0,0,1,3996309
4,148,3,1,MDF,ايراني فرنگي,سنگ,1,0,1,1,0,0,0,1,10405350
2,88,2,1,MDF,ايراني فرنگي,سراميک,1,0,1,0,0,0,1,0,10201347
1,70,1,1,MDF,ايرانی,سراميک,1,0,1,0,0,0,1,0,10119943
همكف,149,3,2,هایگلاس,ايراني فرنگي,لامنيت,0,0,1,1,0,0,0,0,10405351
3,75,2,1,MDF,ايرانی,سراميک,1,0,1,1,0,0,0,1,10267384
5,116,2,1,MDF,ايراني فرنگي,سنگ,1,0,1,1,0,0,0,0,10336063
4,67,2,1,MDF,ايراني فرنگي,سنگ,1,0,1,1,0,0,1,0,10405353
1,123,3,1,MDF,ايراني فرنگي,سنگ,1,0,1,1,0,0,0,1,10405354
2,150,3,1,چوبي,ايرانی,سراميک,1,0,1,1,0,0,0,1,3947059
1,150,3,1,MDF,ايراني فرنگي,لامنيت,1,0,1,0,0,0,1,0,10405355
3,135,3,1,MDF,ايراني فرنگي,سراميک,1,0,1,1,0,0,0,0,10405357
5,90,2,1,نا مشخص,ايراني فرنگي,سنگ,1,0,1,1,0,0,0,1,10300024
4,231,4,1,MDF,ايراني فرنگي,سراميک,1,0,1,1,0,0,0,0,10301900
1,215,3,1,هایگلاس,فرنگی,سنگ,1,0,1,1,0,0,0,1,10201857
3,53,1,1,MDF,ايراني فرنگي,سراميک,1,0,1,1,0,0,0,1,10242949
1,117,2,0,چوبي,ايراني فرنگي,سنگ,1,0,1,1,0,0,0,1,10271477
1,103,3,1,MDF,ايراني فرنگي,پارکت,1,0,0,0,0,0,0,1,3454956
3,143,3,1,MDF,ايراني فرنگي,سراميک,1,0,1,1,0,0,1,0,10405361
3,80,2,1,MDF,ايراني فرنگي,سنگ,1,0,1,1,0,0,0,0,10126504
2,65,2,1,MDF,ايرانی,سراميک,1,0,1,0,1,0,0,1,10333859
3,137,3,1,هایگلاس,ايرانی,پارکت,1,0,1,1,0,0,0,1,10127576
زیرهمكف,68,1,1,MDF,ايراني فرنگي,سراميک,1,0,0,0,1,0,0,1,10405378
2,95,2,1,MDF,ايراني فرنگي,سنگ,1,0,1,1,0,0,0,1,10354228
5,268,3,2,فايبرگلاس,فرنگی,سنگ,0,0,1,1,0,0,1,0,10405382
8,94,2,1,هایگلاس,ايرانی,پارکت,1,0,1,0,0,0,0,1,10405384
2,148,3,1,چوبي فلزي,ايرانی,پارکت,0,0,0,0,0,1,1,0,10351201
5,97,2,1,MDF,ايرانی,سراميک,1,0,1,1,0,0,0,1,10405398
4,45,1,1,MDF,ايرانی,سنگ,1,0,1,0,1,0,0,1,10265663
3,80,2,1,هایگلاس,ايرانی,سراميک,1,0,1,1,0,0,1,0,10405402
2,90,2,2,MDF,ايراني فرنگي,سراميک,1,0,1,1,0,1,0,0,10405403
2,236,3,1,MDF,ايرانی,سراميک,0,0,1,0,0,0,1,0,10405406
5,220,4,1,MDF,ايراني فرنگي,سنگ,1,0,1,0,0,0,1,0,10334947
4,144,3,1,MDF,ايراني فرنگي,سنگ,1,0,1,0,0,0,1,0,10335086
5,145,3,1,MDF,ايراني فرنگي,پارکت,1,0,1,1,0,0,0,1,10335073
4,140,3,1,MDF,ايراني فرنگي,سراميک,1,0,1,1,0,0,1,1,10334313
3,128,2,1,MDF,ايراني فرنگي,سراميک,1,0,1,1,0,0,0,1,10187253
1,125,3,1,دلخواه,ايراني فرنگي,سنگ,1,0,1,0,0,0,1,0,10258633
4,110,2,1,MDF,ايراني فرنگي,سنگ,1,0,1,1,0,0,0,1,10405411
3,164,2,1,هایگلاس,ايراني فرنگي,سنگ,1,0,1,0,0,0,0,1,10119249
4,93,2,1,MDF,ايراني فرنگي,سنگ,1,0,1,1,0,0,0,0,10405413
4,85,2,1,MDF,ايراني فرنگي,سراميک,1,0,1,1,0,0,0,1,10405415
4,105,2,1,MDF,ايرانی,سراميک,1,0,1,1,0,0,0,0,10405416
5,135,3,1,MDF,ايراني فرنگي,سنگ,1,0,1,0,0,0,1,0,10247139
2,155,3,1,هایگلاس,ايراني فرنگي,سنگ,1,0,1,1,0,0,1,1,10266957
3,100,2,1,MDF,ايرانی,سراميک,1,0,1,1,0,0,1,0,10262233
2,68,2,1,نا مشخص,ايراني فرنگي,سنگ,1,0,1,1,0,0,1,0,10405425
4,72,2,1,MDF,ايراني فرنگي,سنگ,1,0,1,1,0,0,0,1,10405426
1,143,3,1,MDF,ايراني فرنگي,سنگ,1,0,1,1,0,0,0,1,3907219
4,150,3,1,چوبي,ايرانی,سراميک,1,0,1,1,1,0,0,1,10334098
5,110,2,1,نا مشخص,ايراني فرنگي,سراميک,1,0,1,1,0,0,1,0,10336452
3,245,3,1,MDF,ايراني فرنگي,سنگ,1,0,1,1,0,0,1,0,3076868
4,115,3,1,MDF,ايراني فرنگي,سنگ,1,0,1,1,0,0,0,1,10395353
3,64,1,1,MDF,فرنگی,پارکت,1,0,1,1,0,0,0,0,10405430
همكف,95,2,1,MDF,ايراني فرنگي,پارکت سنگ,1,0,1,1,0,0,1,0,10298151
1,120,3,1,MDF,ايراني فرنگي,پارکت سنگ,1,0,1,1,0,0,1,0,10250389
1,279,4,2,MDF,ايراني فرنگي,پارکت سنگ,1,0,1,1,0,0,1,0,10128304
3,154,3,1,MDF,ايراني فرنگي,پارکت,1,0,1,1,0,0,0,1,10051296
4,152,3,1,چوبي,ايراني فرنگي,سراميک,1,0,1,1,0,0,0,1,10353692
5,102,3,1,MDF,ايراني فرنگي,سنگ,1,0,1,1,0,0,0,1,10353709
1,190,3,1,MDF,ايراني فرنگي,پارکت,1,0,1,1,0,0,1,0,10186980
1و2,90,2,1,MDF,ايراني فرنگي,سراميک,1,0,1,0,0,0,1,0,10253298
1,107,2,1,MDF,ايراني فرنگي,سراميک,1,0,1,0,0,0,0,0,10261596
4,180,3,1,MDF,ايراني فرنگي,سراميک,1,0,1,1,0,0,1,0,10268966
همكف,167,3,1,MDF,ايراني فرنگي,سراميک,1,0,1,1,0,0,1,0,10335360
11,110,2,1,MDF,ايراني فرنگي,سراميک,1,0,1,0,0,0,1,0,10332746
5,125,3,1,MDF,ايراني فرنگي,سنگ,1,0,1,1,0,0,0,0,10180820
12,102,2,1,MDF,ايراني فرنگي,سراميک,1,0,1,0,0,0,0,1,10405435
2,118,2,1,MDF,ايراني فرنگي,پارکت,1,0,0,1,0,0,0,1,10245411
3,205,3,1,MDF,ايراني فرنگي,سراميک,1,0,1,1,1,0,0,0,10405440
1,76,2,1,MDF,ايراني فرنگي,سراميک,1,0,1,1,0,0,0,1,10353428
1,70,2,1,هایگلاس,فرنگی,سراميک,1,0,1,1,0,0,0,0,10353152
3,130,2,1,MDF,ايرانی,سراميک,1,0,1,1,0,0,0,1,10243019
1,107,2,1,MDF,ايراني فرنگي,سراميک,1,0,1,1,0,0,1,0,10204124
1,70,2,1,MDF,ايرانی,سراميک,1,0,1,1,0,0,0,1,10405443
5,278,4,1,هایگلاس,ايراني فرنگي,سنگ,1,0,1,1,0,0,1,1,10300960
6,134,3,1,MDF,ايراني فرنگي,سراميک,1,0,1,1,0,0,1,0,3498054
2,117,3,1,MDF,ايرانی,سنگ,1,0,1,1,0,0,0,1,3499793
4,92,2,1,MDF,ايراني فرنگي,سراميک,1,0,1,1,0,0,0,1,10405446
2,72,2,1,MDF,ايرانی,کفپوش,1,0,1,1,0,0,1,0,10332550
3,76,2,1,MDF,ايراني فرنگي,سراميک,1,0,1,0,0,0,1,0,10405447
3,75,2,1,MDF,ايراني فرنگي,سنگ,1,0,1,1,1,0,1,0,10133878
4,153,3,1,هایگلاس,ايراني فرنگي,سراميک,1,0,1,1,0,0,1,0,10145774
3,60,1,1,MDF,ايرانی,سراميک,1,0,0,1,1,0,0,0,10405449
4,51,1,1,MDF,ايرانی,سراميک,1,0,1,1,0,0,0,0,10150112
2,95,2,1,MDF,ايراني فرنگي,سنگ,1,0,1,1,1,1,0,0,10269085
2,85,2,1,MDF,ايراني فرنگي,سراميک,1,0,1,1,0,0,1,0,10185698
1,113,2,1,هایگلاس,ايراني فرنگي,سنگ,1,0,1,1,0,1,0,0,10205600
3,107,2,1,MDF,ايراني فرنگي,پارکت,1,0,1,0,0,0,1,0,10332583
4,155,3,1,MDF,ايراني فرنگي,سراميک,1,0,1,0,0,0,1,0,10334353
4,49,1,1,MDF,ايرانی,پارکت,1,0,1,0,0,0,1,0,10334603
3,79,2,1,MDF,ايراني فرنگي,سنگ,1,0,1,1,0,0,0,1,10405456
2,40,1,1,MDF,فرنگی,نا مشخص,1,0,0,0,0,0,0,1,10405457
4,155,3,1,MDF,ايرانی,سراميک,1,0,1,1,0,0,1,1,10405458
3,60,2,1,MDF,ايرانی,سراميک,1,0,0,0,0,0,0,1,10405459
2,90,2,1,MDF,ايراني فرنگي,سراميک,1,0,0,1,0,0,0,0,10405462
2,74,1,,MDF,ايراني فرنگي,سراميک,0,0,0,1,0,0,0,1,10206753
3,105,2,1,MDF,ايرانی,سراميک,1,0,1,0,0,0,0,1,10405465
4,83,2,یك,MDF,ايرانی,سراميک,1,0,0,0,0,0,0,1,10297753
2,124,3,1,MDF,ايراني فرنگي,سراميک,1,0,1,1,0,0,0,1,10405471
4,120,2,1,MDF,ايراني فرنگي,سراميک,0,0,1,0,0,1,0,0,10002761
5,111,2,1,MDF,ايراني فرنگي,سراميک,1,0,1,1,0,0,0,1,10119065
همكف,70,2,1,MDF,ايرانی,سراميک,1,0,1,1,0,0,0,0,10125238
4,90,2,1,MDF,ايراني فرنگي,سنگ,1,0,1,1,0,0,0,1,10204721
4,145,3,1,هایگلاس,ايراني فرنگي,سراميک,1,0,1,0,0,0,0,1,10264144
1,81,2,1,MDF,ايراني فرنگي,سراميک,1,0,0,1,0,0,1,0,3788864
همكف,75,2,1,MDF,ايرانی,سراميک,1,0,1,1,0,0,1,0,10269792
3,150,1,1,MDF,ايراني فرنگي,پارکت,1,0,0,0,0,0,1,0,10177720
2,117,2,یك,MDF,ايراني فرنگي,سنگ,1,0,1,0,0,0,0,1,10405475
3,55,1,0,MDF,ايراني فرنگي,سراميک,1,0,1,1,0,0,1,0,10132358
2,87,2,1,MDF,ايرانی,سراميک,0,0,1,0,0,0,1,0,10301092
5,158,3,1,MDF,ايراني فرنگي,سراميک,1,0,1,1,0,0,1,1,10270431
2,53,1,1,MDF,ايراني فرنگي,سراميک,1,0,1,0,0,0,1,0,10297716
3,50,1,1,MDF,ايراني فرنگي,سنگ,1,0,1,0,0,0,1,0,10332823
زیرهمكف,114,2,2,MDF,فرنگی,سراميک,0,0,0,0,0,0,1,0,2924045
1,100,3,0,MDF,ايراني فرنگي,سنگ,1,0,1,1,0,0,0,1,10243466
1,150,3,1,هایگلاس,ايراني فرنگي,سراميک,1,0,1,1,0,0,0,1,10347727
1,137,3,1,MDF,ايراني فرنگي,سراميک,1,0,1,0,0,0,0,1,10301738
4,65,2,1,MDF,ايرانی,سراميک,1,0,1,0,0,0,1,0,10405482
4,123,2,1,MDF,ايراني فرنگي,سنگ,1,0,1,0,0,0,1,0,10347713
4,230,3,1,چوبي,ايراني فرنگي,سنگ,0,0,1,0,0,0,0,0,10347429
4,116,2,1,MDF,ايراني فرنگي,سراميک,1,0,1,1,0,0,0,1,10405483
4,82,2,1,MDF,ايراني فرنگي,لامنيت,0,0,0,0,0,0,0,0,3888311
5,135,3,1,MDF,ايراني فرنگي,سنگ,1,0,1,1,0,0,1,1,10249934
3,100,2,1,MDF,ايراني فرنگي,سراميک,1,0,1,1,0,0,0,1,10199868
4,135,3,1,MDF,ايراني فرنگي,سنگ,1,0,1,1,0,0,0,1,10405486
9,87,2,1,MDF,ايراني فرنگي,سراميک,1,0,1,0,0,0,0,1,10334655
4,110,2,1,MDF,ايراني فرنگي,سراميک,1,0,1,1,0,0,0,1,10405488
1,248,4,1,MDF,ايراني فرنگي,سنگ,1,0,1,0,0,0,1,0,10405489
2,104,2,1,MDF,ايراني فرنگي,سراميک,1,0,1,0,0,0,1,0,10405494
2,62,1,0,هایگلاس,ايرانی,پارکت,1,0,1,0,0,0,0,1,10347542
5,216,3,2,MDF,ايراني فرنگي,سنگ,1,0,1,1,0,0,0,1,10040555
5,310,4,1,چوبي,ايراني فرنگي,پارکت سنگ,1,0,1,0,0,0,1,1,10271870
2,165,3,1,هایگلاس,ايراني فرنگي,سنگ,1,0,1,1,0,0,1,0,10187699
2,107,2,1,MDF,ايراني فرنگي,سنگ,1,0,1,1,0,0,0,1,10018181
13,135,2,1,MDF,ايراني فرنگي,سراميک,1,0,1,1,0,0,1,1,10176486
9,180,3,1,MDF,ايراني فرنگي,سراميک,1,0,1,1,0,0,1,1,10243801
2,47,1,1,MDF,ايرانی,سراميک,1,0,1,0,1,1,0,0,10405504
2,92,2,1,MDF,ايرانی,پارکت,1,0,1,0,0,0,0,1,10335091
4,58,1,1,MDF,ايرانی,سراميک,1,0,0,0,0,0,0,1,10405510
3,51,1,1,MDF,ايرانی,سراميک,1,0,1,1,0,0,0,1,10405511
3,126,3,1,MDF,ايراني فرنگي,سراميک,1,0,1,0,0,0,0,1,10334762
1,120,3,1,MDF,ايراني فرنگي,سنگ,1,0,1,1,0,0,1,0,10150568
1,51,1,1,MDF,ايرانی,سراميک,1,0,1,0,0,0,1,0,10259413
2,70,2,1,MDF,ايرانی,سراميک,1,0,1,1,0,0,1,0,10269936
4,82,2,1,MDF,ايرانی,سراميک,1,0,1,1,0,0,0,0,10349761
3,51,2,1,MDF,ايراني فرنگي,سنگ,1,0,1,0,0,0,0,1,10349896
1,53,1,1,MDF,ايرانی,سراميک,1,0,0,0,0,0,1,0,10349916
همكف,80,2,1,MDF,ايراني فرنگي,سراميک,1,0,1,0,0,0,0,1,10405512
1,85,2,1,MDF,فرنگی,سراميک,1,0,0,0,0,0,0,0,10350013
3,56,1,1,MDF,ايرانی,سراميک,1,0,0,0,0,0,1,0,10405513
4,90,3,1,MDF,ايرانی,پارکت,1,0,1,1,1,1,0,0,3947078
3,58,1,1,MDF,ايراني فرنگي,سراميک,1,0,0,0,0,0,1,0,10335956
6,98,2,1,MDF,ايراني فرنگي,سراميک,1,0,1,0,0,0,1,0,10336535
5,78,2,1,MDF,ايراني فرنگي,سراميک,1,0,1,1,0,0,1,0,10267269
1,100,2,1,MDF,ايراني فرنگي,سراميک,1,0,1,1,0,0,0,1,10275437
1,80,1,1,MDF,ايراني فرنگي,سراميک موزائيک,1,0,0,0,0,0,1,0,10121204
3,41,1,1,MDF,ايرانی,پارکت,1,0,0,0,0,0,0,0,10349359
1,80,2,1,MDF,ايرانی,سراميک,1,0,1,1,0,0,0,0,10348891
همكف,62,1,1,MDF,ايراني فرنگي,سراميک,1,0,1,0,0,0,0,0,10272289
4,65,2,1,هایگلاس,ايراني فرنگي,سراميک,1,0,1,1,0,0,0,0,10146185
1,58,1,1,MDF,ايراني فرنگي,سراميک,1,0,1,0,0,0,1,1,10128434
3,109,2,1,هایگلاس,ايراني فرنگي,سراميک,1,0,0,1,0,0,0,1,2709357
1,60,1,1,MDF,ايرانی,سراميک,0,0,0,0,0,0,1,0,10266424
3,55,1,1,MDF,ايراني فرنگي,سراميک,1,0,0,0,0,0,0,1,10130906
1,136,3,1,MDF,ايراني فرنگي,سراميک,1,0,1,1,0,0,1,0,10333494
4,101,3,1,MDF,ايراني فرنگي,سنگ,1,0,1,0,0,0,1,1,10346879
1,75,2,1,MDF,ايراني فرنگي,سراميک,1,0,1,0,0,0,1,0,10266687
3,80,2,1,MDF,ايراني فرنگي,پارکت سراميک,1,0,1,0,0,0,0,1,10346875
2,52,1,1,هایگلاس,ايرانی,سراميک,0,0,0,1,0,0,0,1,10004732
3,194,3,1,فلزي,ايرانی,موزائيک,0,0,1,0,0,0,0,1,10182498
3,81,2,1,MDF,فرنگی,سراميک,1,0,0,1,0,1,0,0,10266690
3,101,2,1,MDF,ايراني فرنگي,سنگ,1,0,1,1,0,0,0,1,10243528
1,40,1,1,MDF,ايرانی,سراميک,1,0,1,0,0,0,1,0,10405522
1,110,2,1,MDF,ايراني فرنگي,سراميک,1,0,1,0,0,0,0,1,10268840
4,75,2,1,MDF,ايراني فرنگي,سراميک,1,0,0,0,0,0,0,1,2555713
4,95,2,1,فلزي,ايرانی,موکت,0,0,0,1,0,0,1,0,10264170
3,85,2,1,MDF,ايراني فرنگي,سنگ,1,0,1,1,0,0,1,0,10297216
5,88,2,1,MDF,ايراني فرنگي,سراميک,1,0,1,1,0,0,0,0,10264119
4,80,2,1,MDF,ايرانی,سراميک,1,0,0,0,0,1,0,0,10255335
1,80,2,1,MDF,ايرانی,سراميک,0,0,0,1,0,0,1,0,10259084
4,58,1,1,MDF,ايرانی,سراميک,1,0,1,0,0,0,1,0,10122120
1,126,3,1,چوبي,ايراني فرنگي,سنگ,1,0,1,1,0,0,1,0,10405524
1,58,1,1,MDF,ايرانی,سراميک,1,0,1,0,0,0,0,1,10270021
1,97,2,1,MDF,ايراني فرنگي,سراميک,1,0,1,1,0,0,1,0,10260975
مختلف,54,1,1,MDF,ايرانی,سراميک,1,0,1,0,0,0,1,0,10273709
3,94,2,1,MDF,ايراني فرنگي,سراميک,1,0,1,1,0,0,0,1,10347679
3,57,2,1,MDF,ايراني فرنگي,سراميک,0,0,1,1,0,0,1,0,10301447
5,131,3,1,MDF,ايراني فرنگي,سنگ,1,0,1,1,0,0,0,1,10246931
5,80,2,1,MDF,ايراني فرنگي,سراميک,1,0,1,1,0,0,1,1,10405528
3,57,1,1,فلزي,ايرانی,موزائيک,0,0,1,1,0,0,0,0,10273688
4,95,2,1,MDF,ايراني فرنگي,سراميک,1,0,1,1,0,0,1,0,10405530
3,120,3,1,MDF,ايراني فرنگي,سراميک,1,0,1,0,0,0,1,0,10335747
3,90,2,1,MDF,ايرانی,سراميک,1,0,1,0,0,0,1,0,10333220
2,83,2,1,MDF,ايرانی,سراميک,1,0,0,1,0,1,0,0,10273558
4,91,2,1,MDF,ايرانی,سراميک,1,0,1,0,0,0,0,1,3242830
2,53,1,1,MDF,ايراني فرنگي,سنگ,1,0,1,1,0,0,0,1,10274007
3,90,2,1,MDF,ايراني فرنگي,سراميک,1,0,1,1,0,0,1,0,10053159
2,95,2,0,MDF,ايراني فرنگي,سراميک,1,0,1,1,0,0,1,0,10265301
2,100,2,1,MDF,ايراني فرنگي,سراميک,1,0,1,1,0,0,1,0,10405531
1,42,1,1,MDF,ايراني فرنگي,سراميک,1,0,0,0,0,0,0,1,10273224
2,119,2,1,دلخواه,ايراني فرنگي,سراميک,1,0,1,1,0,0,0,0,10184591
2,88,2,1,هایگلاس,ايراني فرنگي,سراميک,1,0,1,1,0,0,0,1,10245997
3,66,2,1,MDF,ايراني فرنگي,سراميک,1,0,1,0,0,0,0,0,10273214
4,88,2,1,MDF,ايراني فرنگي,سراميک,1,0,1,1,0,0,0,0,10266065
زیرهمكف,55,1,1,MDF,ايرانی,سراميک,1,0,1,0,0,0,1,0,3996566
1,40,1,1,MDF,ايرانی,سراميک,1,0,0,0,0,0,1,0,10186188
2,76,2,1,MDF,ايرانی,سراميک,1,0,0,0,0,0,1,0,10300642
2,170,3,1,MDF,ايراني فرنگي,پارکت,1,0,1,1,0,1,1,0,10006436
1,60,1,1,MDF,ايراني فرنگي,سراميک,1,0,1,0,0,0,1,0,10245674
2,94,2,1,MDF,ايراني فرنگي,سراميک,1,0,0,1,0,0,0,1,10134688
زیرهمكف,72,1,1,MDF,ايرانی,سنگ,1,0,1,0,0,0,0,1,10254920
1,53,1,1,MDF,ايرانی,سراميک,1,0,1,0,0,0,1,0,10126596
3,85,2,1,MDF,ايراني فرنگي,سراميک,1,0,1,0,0,0,0,1,10405532
3,91,2,1,MDF,ايرانی,سنگ,1,0,1,1,0,0,0,0,10275438
1,87,2,1,MDF,ايراني فرنگي,سراميک,1,0,1,0,0,0,0,1,10405534
4,112,2,1,MDF,ايراني فرنگي,سراميک,1,0,0,1,0,0,1,0,10275474
3,52,1,1,MDF,ايرانی,سراميک,1,0,1,1,0,0,0,0,10350045
1,50,1,1,MDF,ايراني فرنگي,سنگ,0,0,0,0,0,0,0,0,10261253
4,63,2,1,MDF,ايرانی,سنگ,1,0,1,1,0,0,0,1,10350117
4,125,3,1,MDF,ايراني فرنگي,سنگ,1,0,1,1,0,0,0,1,3945049
1,67,2,1,MDF,ايراني فرنگي,سراميک,1,0,1,0,0,0,0,1,10333589
5,55,1,2,MDF,فرنگی,سراميک,1,0,1,0,0,0,0,1,10405537
3,113,2,1,هایگلاس,ايراني فرنگي,سراميک,1,0,1,0,0,0,1,0,10249670
5,128,2,1,MDF,ايراني فرنگي,سراميک,0,0,0,0,0,0,0,0,10349730
2,315,5,1,MDF,ايراني فرنگي,سراميک,1,0,1,0,0,0,0,1,10199540
3,112,2,1,فلزي,ايرانی,سراميک,1,0,0,0,1,0,0,1,10162527
4,61,1,1,MDF,ايرانی,سراميک,1,0,1,1,0,0,0,1,10177724
2,121,2,1,MDF,ايراني فرنگي,سراميک,1,0,1,0,1,0,0,0,10298346
4,119,3,1,MDF,ايراني فرنگي,سراميک,1,0,1,0,0,0,0,1,10349790
زیرهمكف,72,1,1,MDF,ايراني فرنگي,سراميک,1,0,1,0,0,0,0,1,10301911
6,200,3,1,MDF,ايراني فرنگي,سراميک,1,0,1,0,0,0,0,1,10348570
2,70,1,1,فلزي,ايرانی,موزائيک,1,0,0,0,0,0,1,0,10405542
3,90,2,1,MDF,ايرانی,سراميک,1,0,1,0,0,0,0,1,10348281
2,120,3,1,هایگلاس,ايراني فرنگي,سنگ,1,0,1,1,0,0,0,1,3602417
1,80,2,0,چوبي,ايراني فرنگي,سنگ,1,0,1,0,0,1,1,1,10405543
4,105,2,1,MDF,ايراني فرنگي,سنگ,1,0,1,1,0,0,0,1,10200955
2,100,2,1,MDF,ايراني فرنگي,سراميک,1,0,1,1,0,0,1,0,10405450
1,98,2,0,MDF,ايراني فرنگي,سراميک,1,0,1,1,0,0,0,1,10301586
1,72,2,1,MDF,ايرانی,سراميک,1,0,1,0,0,0,1,0,10349198
3,50,1,1,MDF,ايرانی,سراميک,1,0,1,0,0,0,0,1,10322369
3,59,1,1,MDF,ايرانی,سراميک,1,0,1,0,0,0,1,0,3177348
2,75,2,1,MDF,ايراني فرنگي,سراميک,1,0,1,1,0,0,0,1,10269653
1,65,1,1,MDF,ايراني فرنگي,پارکت,0,0,1,0,1,0,0,1,10348192
4,115,3,1,MDF,ايرانی,سراميک,1,0,0,1,0,0,0,1,10249975
3,68,1,1,MDF,ايرانی,سراميک,1,0,1,0,0,0,0,1,10333200
2,174,3,1,MDF,ايرانی,پارکت,0,0,1,1,0,0,0,1,10405546
1,49,1,0,MDF,فرنگی,سراميک,1,0,1,0,0,0,1,0,10350439
1,54,1,1,MDF,ايراني فرنگي,لامنيت,1,0,0,0,0,0,0,0,10351153
2,78,2,1,MDF,ايرانی,سراميک,1,0,1,0,0,0,1,0,10322230
4,64,2,1,MDF,ايرانی,پارکت,1,0,1,1,0,0,0,1,10254435
2,88,2,1,MDF,ايراني فرنگي,سراميک,1,0,1,0,0,0,1,1,10405547
1,50,2,1,MDF,ايرانی,سراميک,1,0,1,1,0,0,0,1,10333158
4,129,3,1,MDF,ايراني فرنگي,پارکت,1,0,1,1,0,0,1,0,10186212
1,71,2,1,MDF,ايراني فرنگي,سراميک,1,0,1,0,0,0,1,0,10333593
4,212,3,1,هایگلاس,ايراني فرنگي,سنگ,1,0,1,1,0,0,0,1,10405549
8,210,3,0,MDF,ايراني فرنگي,سنگ,1,0,1,1,0,0,0,0,10335647
3,60,1,1,MDF,ايرانی,سنگ,1,0,0,1,0,0,1,0,10405550
1,138,3,1,هایگلاس,ايراني فرنگي,سنگ,1,0,1,1,0,0,0,1,10248971
2,104,1,1,MDF,ايراني فرنگي,سراميک,1,0,1,1,0,0,1,0,10349752
2,105,2,1,MDF,ايراني فرنگي,سراميک,1,0,1,1,0,0,0,1,10252244
3,225,3,1,MDF,ايراني فرنگي,سراميک,1,0,0,1,1,0,1,0,10006438
4,65,2,1,MDF,ايراني فرنگي,سراميک,1,0,1,1,1,0,0,0,10333716
3,155,3,1,MDF,ايراني فرنگي,سنگ,1,0,1,1,1,1,0,0,10263356
همكف و اول,255,4,1,MDF,ايراني فرنگي,سراميک,1,0,1,1,0,0,1,1,3569955
4,122,2,1,MDF,ايراني فرنگي,سنگ,1,0,1,1,0,0,1,0,10253814
1,101,2,1,MDF,ايراني فرنگي,سراميک,1,0,1,1,0,0,1,0,10204360
2,104,2,1,MDF,فرنگی,سراميک,1,0,1,1,0,0,1,0,10249925
1,174,3,1,MDF,ايراني فرنگي,پارکت,1,0,1,1,0,0,1,0,10262682
2,106,3,1,MDF,ايراني فرنگي,سنگ,1,0,1,1,0,0,0,1,10415549
4,210,3,1,MDF,فرنگی,سنگ,1,0,1,0,1,1,0,0,10415550
2,123,2,1,MDF,ايراني فرنگي,سراميک,1,0,1,1,0,0,1,0,10334230
2,81,2,1,هایگلاس,ايراني فرنگي,لامنيت,1,0,1,1,0,0,0,1,10256292
3,121,3,1,MDF,ايراني فرنگي,پارکت,1,0,1,1,0,0,0,0,10346917
3,170,3,1,MDF,ايراني فرنگي,سراميک,1,0,1,1,0,0,1,0,10415551
همكف,225,3,1,MDF,ايراني فرنگي,سراميک,1,0,1,0,0,0,1,0,10273737
زیرهمكف,170,3,1,MDF,ايراني فرنگي,سنگ,1,0,1,0,0,0,1,0,10265074
4,132,3,1,MDF,ايراني فرنگي,سنگ,1,0,1,0,0,0,1,0,10415552
2,140,3,2,MDF,ايراني فرنگي,پارکت,1,0,1,1,0,0,0,1,10076444
2,113,2,2,MDF,ايراني فرنگي,سراميک,1,0,1,1,0,0,0,1,10265545
1,96,2,1,چوبي,ايراني فرنگي,سراميک,1,0,1,1,1,0,0,1,10299011
1,108,2,1,فلزي,ايرانی,سنگ,0,0,0,0,0,0,0,1,10415553
همكف,70,2,1,MDF,ايراني فرنگي,سراميک,1,0,1,0,0,1,0,0,10346622
4,110,2,1,MDF,ايراني فرنگي,سراميک,1,0,1,0,0,0,0,1,10264780
3,116,2,1,MDF,ايراني فرنگي,سراميک,1,0,1,1,0,0,0,1,10415554
2,85,2,1,MDF,ايراني فرنگي,سنگ,1,0,1,1,0,0,1,0,10266920
3,83,2,1,MDF,ايراني فرنگي,لامنيت,1,0,1,1,1,0,1,0,10298565
3,105,3,1,MDF,ايراني فرنگي,سنگ,1,0,1,1,0,0,0,1,10040793
4,83,2,1,MDF,ايرانی,نا مشخص,1,0,1,1,0,0,0,1,10415556
3,175,3,1,نا مشخص,ايراني فرنگي,سنگ,0,0,0,1,0,0,1,0,10415557
1,109,2,1,MDF,ايرانی,سراميک,1,0,0,0,0,0,0,1,2870913
زیرهمكف,90,2,1,فلزي,ايرانی,موکت,1,0,1,0,0,0,0,1,10114476
2,113,2,1,MDF,ايراني فرنگي,سنگ,1,0,1,1,0,0,1,0,10164121
3,102,2,1,MDF,ايراني فرنگي,لامنيت,1,0,1,1,0,1,0,1,10127867
همكف,60,1,1,MDF,فرنگی,سراميک,1,0,0,0,0,0,0,1,10415560
1,68,1,1,MDF,ايرانی,سراميک,1,0,1,0,0,0,0,1,10350244
1,122,3,1,MDF,ايراني فرنگي,سنگ,1,0,1,1,0,0,1,1,10180925
1,93,2,1,هایگلاس,ايراني فرنگي,سراميک,1,0,0,1,0,0,0,0,10131786
5,90,2,1,MDF,ايراني فرنگي,سنگ,1,0,1,1,0,0,0,0,10347700
5,140,3,1,MDF,ايراني فرنگي,سراميک,1,0,1,0,0,0,1,0,10253335
4,126,3,1,MDF,ايراني فرنگي,سراميک,1,0,1,1,0,0,1,1,10347599
3,112,3,1,MDF,ايراني فرنگي,سراميک,1,0,1,0,0,0,1,1,10264075
4,128,3,1,چوبي,ايراني فرنگي,سنگ,1,0,1,1,0,0,0,1,10299032
2,56,2,1,MDF,ايرانی,سراميک,1,0,1,0,0,0,1,1,10118021
4,63,1,1,MDF,ايرانی,سراميک,1,0,1,1,0,0,0,1,10415565
5,148,3,1,MDF,ايراني فرنگي,سراميک,1,0,1,1,0,0,0,1,10415567
2,155,3,1,MDF,ايراني فرنگي,سراميک,1,0,1,0,0,0,1,0,10274299
3,93,2,1,MDF,ايراني فرنگي,سراميک,1,0,1,1,0,0,1,1,10415568
5,138,3,1,MDF,ايراني فرنگي,پارکت,1,0,1,1,0,0,1,0,3854732
5,66,1,1,MDF,ايراني فرنگي,سراميک,1,0,1,1,0,0,1,1,10415572
3,165,3,1,MDF,ايراني فرنگي,سراميک,1,0,1,1,0,0,0,1,10264940
3,108,2,1,MDF,ايراني فرنگي,سنگ,0,0,0,0,0,0,1,0,10273683
همكف,115,2,1,MDF,ايراني فرنگي,سراميک,1,0,1,1,0,0,0,1,10298243
3,157,3,1,MDF,ايراني فرنگي,سراميک,1,0,1,1,0,0,1,0,10415575
2,65,2,1,MDF,ايراني فرنگي,پارکت,1,0,0,0,0,0,1,0,10415576
4,123,3,1,MDF,ايراني فرنگي,سنگ,1,0,1,1,0,0,1,0,10182807
4,106,2,1,MDF,ايراني فرنگي,سنگ,1,0,1,1,0,0,0,1,10257343
5,98,2,1,MDF,ايراني فرنگي,سنگ,1,0,1,1,0,0,0,1,10415579
همكف,52,2,1,MDF,ايرانی,سنگ,1,0,1,0,0,0,0,1,10124723
4,73,2,1,MDF,ايراني فرنگي,سراميک,1,0,1,1,0,0,1,0,10066301
مختلف,120,2,0,MDF,ايراني فرنگي,سنگ,1,0,1,1,0,0,0,1,10133636
3,95,2,1,MDF,ايراني فرنگي,سراميک,1,0,1,1,1,0,0,0,10349454
زیرهمكف,54,1,1,MDF,ايرانی,سراميک,1,0,1,0,0,0,1,0,10051201
4,128,2,1,MDF,ايراني فرنگي,سنگ,1,0,1,1,0,0,1,0,10335617
2,60,1,1,MDF,ايرانی,سراميک,1,0,0,1,0,0,1,0,10150393
3,47,1,1,MDF,ايرانی,سراميک,1,0,1,0,0,0,1,0,10162309
1,69,2,1,MDF,ايرانی,سراميک,1,0,0,0,0,0,1,0,10265499
1,75,2,1,MDF,ايرانی,سراميک,0,0,1,1,0,0,1,0,10261664
5,170,3,1,MDF,ايراني فرنگي,سنگ,1,0,1,1,0,0,0,1,10090365
1,136,3,1,MDF,ايراني فرنگي,سراميک,1,0,1,1,0,0,0,1,10200626
همكف,77,1,1,MDF,ايراني فرنگي,سنگ,1,0,1,0,0,0,0,1,10415586
1,100,2,1,چوبي,ايراني فرنگي,سراميک,1,0,1,1,0,0,1,0,10203626
2,45,1,1,MDF,ايرانی,سراميک,1,0,1,0,0,0,0,1,10415588
2,150,3,1,MDF,ايراني فرنگي,سراميک,1,0,1,1,0,0,0,1,10336029
3,109,2,1,MDF,ايراني فرنگي,سراميک,1,0,1,0,0,0,1,0,10336044
3,70,1,1,MDF,ايراني فرنگي,سراميک,1,0,1,1,0,0,0,1,10415589
3,78,2,1,MDF,ايرانی,سراميک,1,0,0,0,0,0,1,0,10128884
1,104,2,1,MDF,ايراني فرنگي,سراميک,1,0,1,1,0,0,1,0,10348092
1,82,2,1,MDF,ايراني فرنگي,سراميک,1,0,1,1,0,0,1,0,10348147
2,75,2,1,هایگلاس,ايراني فرنگي,سراميک,1,0,1,0,0,0,1,0,10415590
2,110,2,1,دلخواه,ايراني فرنگي,سراميک,1,0,1,1,0,0,0,1,10415591
5,121,2,1,MDF,فرنگی,سنگ,1,0,1,1,0,0,1,0,10351620
4,71,2,1,MDF,ايراني فرنگي,سراميک,1,0,1,1,0,0,0,1,10334143
همكف,120,2,1,MDF,ايرانی,سراميک,1,0,0,1,0,0,1,1,10272687
4,87,2,1,MDF,ايرانی,پارکت,1,0,1,1,0,0,1,0,3588474
1,130,3,1,MDF,ايراني فرنگي,سنگ,1,0,0,0,0,0,1,0,3991000
5,50,1,1,MDF,ايرانی,سراميک,0,0,0,0,0,0,0,0,3888361
2,150,3,1,MDF,ايراني فرنگي,سراميک,1,0,1,0,0,0,0,1,10188185
4,55,1,1,MDF,ايراني فرنگي,سراميک,0,0,1,0,0,0,1,0,10415596
5,115,2,1,چوبي,ايراني فرنگي,سنگ,1,0,1,1,0,0,1,0,10334153
4,50,1,1,MDF,ايرانی,سراميک,1,0,1,0,0,0,1,0,10415597
3,70,2,1,MDF,ايراني فرنگي,سراميک,1,0,1,0,0,0,0,1,10415600
3,71,1,1,MDF,ايرانی,سراميک,1,0,1,0,0,0,1,1,10415605
4,43,1,1,MDF,ايرانی,سراميک,1,0,1,0,0,0,0,0,10415609
3,56,1,1,MDF,ايرانی,کفپوش,1,0,1,1,1,1,0,0,10264157
2,72,2,1,MDF,ايراني فرنگي,سراميک,1,0,1,1,0,0,1,0,10161724
4,75,2,1,MDF,ايرانی,سراميک,1,0,1,1,0,0,0,1,10244673
2,52,1,1,MDF,ايرانی,سراميک,1,0,1,0,0,0,1,0,10415610
6,190,3,1,MDF,ايراني فرنگي,پارکت,1,0,1,1,0,0,1,1,10177557
همكف,60,1,1,MDF,ايرانی,موکت,0,0,0,0,0,0,1,0,10246571
1,56,1,1,MDF,ايرانی,سراميک,1,0,0,0,0,1,0,0,10415611
4,80,2,1,MDF,ايراني فرنگي,سراميک,1,0,1,1,0,0,1,0,10415612
زیرهمكف,30,0,1,فلزي,ايرانی,سراميک,1,0,0,0,0,0,1,0,10264567
3,70,2,1,MDF,ايراني فرنگي,سنگ,1,0,1,1,0,0,0,1,10415613
4,100,2,1,MDF,ايراني فرنگي,سراميک,1,0,1,0,0,0,1,0,10347335
2,84,2,1,MDF,ايراني فرنگي,سنگ,1,0,1,0,0,0,1,0,10347338
4,205,3,1,MDF,ايراني فرنگي,سراميک,1,0,1,1,0,0,0,1,10178985
1,50,1,2,MDF,ايراني فرنگي,پارکت,1,0,1,0,0,0,0,1,3843222
همكف,54,1,1,چوبي,ايرانی,سراميک,0,0,1,0,0,0,0,1,10269774
4,171,3,1,MDF,ايراني فرنگي,سنگ,0,0,1,1,0,0,0,0,10415623
4,105,2,1,MDF,ايراني فرنگي,سراميک,1,0,1,1,0,0,0,1,3960290
5,53,1,1,MDF,ايرانی,سراميک,1,0,0,1,0,0,1,0,3977707
همكف,88,2,1,MDF,ايراني فرنگي,پارکت,1,0,0,1,0,0,1,0,10126064
3,70,2,1,MDF,ايراني فرنگي,سنگ,1,0,1,0,0,0,1,0,10264587
1,80,2,1,MDF,فرنگی,سراميک,0,0,0,0,0,0,0,0,10334946
1,90,2,1,MDF,ايراني فرنگي,سراميک,1,0,1,1,0,0,0,0,10132126
4,122,2,1,MDF,ايراني فرنگي,سراميک,1,0,1,1,0,0,0,0,10297152
2,100,2,2,هایگلاس,ايراني فرنگي,سنگ,0,0,0,0,0,0,0,0,10177517
1,93,2,1,MDF,ايراني فرنگي,سراميک,1,0,1,1,0,0,0,1,10415630
1,168,3,1,MDF,ايراني فرنگي,سنگ,1,0,1,1,0,0,1,0,10206451
2,130,3,1,MDF,ايراني فرنگي,سراميک,1,0,1,1,0,0,1,0,10270716
همكف,62,1,1,MDF,ايرانی,موکت,1,0,1,1,1,0,0,0,10298437
5,116,2,1,MDF,ايراني فرنگي,سنگ,1,0,1,1,0,0,1,0,10415632
2,83,2,1,MDF,ايراني فرنگي,سراميک,1,0,0,0,0,0,1,0,10298581
3,86,2,1,MDF,ايرانی,سراميک,1,0,1,1,0,0,0,1,2834805
3,122,2,1,MDF,ايراني فرنگي,سنگ,1,0,1,1,0,0,1,0,3835486
2,171,3,1,MDF,ايراني فرنگي,لامنيت,1,0,1,1,0,0,1,0,3805586
1,140,3,1,چوبي,ايراني فرنگي,سنگ,1,0,0,1,0,0,0,1,10415639
2,89,2,1,MDF,فرنگی,پارکت,1,0,1,0,0,0,0,1,10415640
4,112,3,1,MDF,ايراني فرنگي,سنگ,1,0,1,0,0,0,1,0,10415641
همكف,100,2,1,MDF,ايراني فرنگي,سراميک,1,0,1,0,0,0,0,1,10415643
2,60,2,1,نا مشخص,ايراني فرنگي,سراميک,1,0,1,0,0,0,0,1,10415647
1,65,2,1,MDF,ايراني فرنگي,سراميک,1,0,1,1,0,0,1,0,10415648
5,61,1,1,MDF,ايراني فرنگي,سراميک,0,0,1,1,0,0,0,0,10415649
3,74,2,1,MDF,ايرانی,سراميک,1,0,1,1,0,0,1,0,10415652
1,56,1,1,MDF,ايرانی,سنگ,1,0,1,0,0,0,1,0,10415653
4,48,1,1,MDF,ايراني فرنگي,سراميک,1,0,1,1,1,0,0,0,10124987
1,64,1,1,MDF,فرنگی,پارکت,1,0,1,1,0,0,1,0,10415654
7,140,3,1,MDF,ايراني فرنگي,سراميک,1,0,1,0,0,0,1,1,10350234
4,85,1,1,MDF,ايراني فرنگي,سراميک,1,0,1,1,0,0,0,1,10415657
3,55,1,1,MDF,ايراني فرنگي,سراميک,1,0,1,1,0,0,0,1,10415658
زیرهمكف,42,0,1,MDF,ايرانی,سراميک,1,0,0,0,0,0,0,1,10335460
1,146,3,1,MDF,ايرانی,سراميک,1,0,1,1,0,0,0,1,3623544
4,112,2,1,MDF,ايراني فرنگي,سنگ,1,0,1,1,0,0,0,1,10148669
1,90,1,1,MDF,ايراني فرنگي,سراميک,1,0,1,0,0,0,1,0,10415660
3,97,2,1,MDF,ايراني فرنگي,سنگ,1,0,1,1,0,0,1,0,10415662
4,74,2,1,MDF,ايراني فرنگي,سراميک,1,0,1,1,0,0,1,0,10415663
3,50,1,1,MDF,ايرانی,سنگ,1,0,1,1,0,0,0,1,10415664
3,82,2,1,MDF,ايراني فرنگي,سراميک,1,0,1,1,0,0,0,1,10415665
5,120,2,1,هایگلاس,ايراني فرنگي,سراميک,1,0,1,0,0,0,1,1,10149462
3,83,2,1,MDF,ايراني فرنگي,سنگ,1,0,1,1,0,0,1,0,10415666
1,80,2,1,هایگلاس,ايراني فرنگي,سراميک,1,0,1,1,0,0,1,0,10150776
4,42,1,1,MDF,ايرانی,سراميک,1,0,1,1,1,0,0,0,10415667
2,100,2,1,MDF,ايراني فرنگي,سنگ,1,0,1,1,0,0,1,0,10415668
3,45,1,1,MDF,ايرانی,سراميک,1,0,1,1,0,0,1,1,10415669
1,80,2,1,MDF,ايراني فرنگي,سراميک,1,0,1,1,0,0,0,1,10415670
1,63,2,1,MDF,ايراني فرنگي,سراميک,1,0,1,0,0,0,0,1,10415671
4,45,1,1,MDF,ايرانی,سراميک,1,0,1,1,0,0,1,0,10415674
1,87,2,1,MDF,ايراني فرنگي,سراميک,1,0,1,1,0,1,0,0,10415676
1,75,2,1,MDF,ايراني فرنگي,سراميک,1,0,1,1,0,0,0,1,10415683
همكف,58,1,1,MDF,ايرانی,سراميک,1,0,1,0,0,0,1,0,10177156
4,74,2,1,MDF,ايرانی,سراميک,1,0,1,1,0,0,0,1,10266725
3,103,2,1,هایگلاس,ايراني فرنگي,سنگ,1,0,1,1,0,0,0,1,10415686
4,122,2,1,MDF,ايراني فرنگي,سراميک,1,0,1,1,0,0,0,1,10415688
9,130,3,1,MDF,ايراني فرنگي,سنگ,1,0,1,1,0,0,1,0,10415689
3,138,3,1,هایگلاس,ايراني فرنگي,سنگ,1,0,1,1,0,0,0,1,10248955
3,69,1,2,MDF,ايراني فرنگي,سراميک,1,0,0,1,0,0,1,0,10217555
4,170,3,1,MDF,ايراني فرنگي,سنگ,1,0,1,0,0,0,0,1,10206297
2,215,2,یك,فلزي,ايرانی,سراميک,1,0,0,0,0,0,0,1,10415698
3,100,2,1,فلزي,ايرانی,پارکت,1,0,1,0,0,0,1,0,10243233
4,57,1,1,MDF,ايراني فرنگي,پارکت,1,0,1,1,0,0,0,1,3454164
4,190,3,1,چوبي,ايراني فرنگي,سنگ,1,0,1,1,0,0,1,0,10415704
1,88,2,1,آبدارخانه,ايراني فرنگي,نا مشخص,1,0,1,0,0,0,0,0,10415707
5,103,2,1,MDF,ايراني فرنگي,سراميک,1,0,1,0,0,0,0,0,10415708
همكف,50,1,1,هایگلاس,ايرانی,سنگ,1,0,1,0,0,0,1,0,10335108
1,150,3,1,MDF,فرنگی,سراميک,1,0,0,0,0,0,0,1,10335465
1,90,2,1,فلزي,ايراني فرنگي,موکت,1,0,1,1,0,0,0,1,10334678
2,111,2,1,MDF,ايراني فرنگي,سراميک,1,0,1,1,0,0,1,0,10334679
2,127,2,1,MDF,ايراني فرنگي,سراميک,1,0,1,1,0,0,0,1,10415711
2,293,3,1,MDF,ايراني فرنگي,سراميک,1,0,1,0,0,0,0,0,10415712
2,84,2,1,MDF,ايرانی,پارکت,1,0,0,1,0,0,1,0,10245463
3,65,2,1,MDF,ايرانی,سنگ,1,0,1,0,0,0,1,0,10268223
3,99,3,1,MDF,ايراني فرنگي,سراميک,1,0,1,0,0,0,0,1,10415719
3,133,3,1,MDF,ايراني فرنگي,سنگ,1,0,1,1,0,0,1,0,10268388
2,58,2,1,MDF,ايرانی,سراميک,1,0,1,0,0,0,0,1,10270739
4,67,1,1,MDF,ايرانی,سراميک,1,0,1,1,0,0,1,0,10415724
1,50,1,1,MDF,ايرانی,سنگ,1,0,1,1,0,0,0,1,10335371
2,125,2,1,MDF,ايراني فرنگي,پارکت,1,0,1,0,0,0,1,0,10415578
2,101,3,1,هایگلاس,ايراني فرنگي,سنگ,1,0,1,1,0,1,0,1,10415728
1,68,1,1,MDF,ايراني فرنگي,سراميک,1,0,0,0,0,0,0,1,10415730
2,54,1,1,MDF,فرنگی,سراميک,1,0,1,1,0,0,1,0,10415733
2,65,2,1,MDF,ايراني فرنگي,سراميک,1,0,1,1,0,0,0,1,10415735
4,120,3,1,MDF,ايراني فرنگي,سراميک,1,0,1,1,0,0,1,0,10254806
2,94,2,1,MDF,ايراني فرنگي,سراميک,1,0,0,1,0,0,0,0,10346920
3,64,1,1,MDF,ايراني فرنگي,سراميک,0,0,1,1,0,0,1,1,10415741
مختلف,130,3,1,دلخواه,ايراني فرنگي,سنگ,1,0,1,1,0,0,0,0,10259875
2,132,3,2,MDF,ايرانی,سراميک,1,0,1,1,1,1,0,0,10114852
2,128,2,1,MDF,ايراني فرنگي,سراميک,1,0,1,1,0,0,0,1,10147114
2,88,2,1,MDF,ايراني فرنگي,سراميک,1,0,1,1,0,0,1,0,10255769
2,100,2,1,MDF,ايراني فرنگي,سراميک,1,0,1,1,0,0,0,1,10336084
5,118,2,1,MDF,ايراني فرنگي,سراميک,1,0,1,1,0,0,1,0,10415748
3,52,1,1,MDF,ايرانی,سراميک,1,0,0,0,0,0,1,1,10415749
4,135,3,0,MDF,ايراني فرنگي,پارکت,1,0,1,1,0,0,1,0,10415750
4,92,2,1,MDF,ايراني فرنگي,سراميک,1,0,1,0,0,0,1,0,10415751
5,138,3,1,MDF,ايراني فرنگي,سنگ,1,0,1,1,1,0,0,1,10415760
4,80,2,1,MDF,ايراني فرنگي,سراميک,1,0,1,1,0,0,0,0,10415761
3,150,3,1,MDF,ايراني فرنگي,سنگ,1,0,1,1,0,0,0,1,10415763
1,82,2,1,MDF,ايراني فرنگي,سنگ,1,0,1,0,0,0,0,0,10415770
1,162,3,1,MDF,ايراني فرنگي,سنگ,1,0,1,1,0,0,1,0,10415771
4,67,2,1,MDF,ايراني فرنگي,سراميک,1,0,1,1,0,0,0,0,10415774
3,103,2,1,MDF,ايرانی,سنگ,1,0,1,1,0,0,1,0,10415775
8,66,2,1,MDF,ايراني فرنگي,سراميک,1,0,1,1,0,0,0,1,10415777
5,65,2,1,MDF,ايراني فرنگي,پارکت,1,0,1,1,0,0,1,0,10415778
2,78,2,1,MDF,ايراني فرنگي,سراميک,1,0,1,1,0,0,1,0,10348983
1,115,2,1,چوبي,ايرانی,سنگ,1,0,1,1,0,0,1,0,10176658
1,150,3,1,چوبي,ايرانی,سنگ,1,0,1,1,0,0,1,0,10200887
1,60,2,1,MDF,ايراني فرنگي,لامنيت,1,0,0,0,0,0,0,1,10415784
4,86,2,1,هایگلاس,ايراني فرنگي,سراميک,1,0,1,1,0,0,0,0,10415785
4,65,2,1,MDF,ايرانی,سنگ,0,0,1,0,0,0,1,1,10415786
4,68,1,1,MDF,ايراني فرنگي,سنگ,1,0,0,1,1,1,0,0,10264084
4,86,2,1,چوبي,ايراني فرنگي,سنگ,1,0,0,1,0,0,1,0,10184924
1و2,166,4,1,چوبي,ايراني فرنگي,سنگ,1,0,0,1,0,0,1,0,10077949
4,74,2,1,MDF,ايرانی,سراميک,1,0,1,1,0,0,1,0,10415792
1,85,2,1,MDF,ايراني فرنگي,سنگ,1,0,1,1,0,0,0,0,10415793
3,72,2,1,MDF,ايراني فرنگي,سراميک,1,0,0,1,0,0,1,1,10415794
3,122,2,1,فلزي,ايرانی,سراميک,1,0,1,0,0,0,0,1,10092905
3,158,4,1,MDF,ايرانی,پارکت,1,0,1,1,0,0,1,1,10179665
5,65,2,1,MDF,ايرانی,سراميک,1,0,1,0,0,0,1,0,10415797
3,103,2,1,هایگلاس,ايراني فرنگي,سنگ,1,0,1,1,0,0,0,1,10415800
3,40,1,1,هایگلاس,ايرانی,سراميک,1,0,0,0,0,0,0,0,10348608
1,121,2,0,هایگلاس,ايراني فرنگي,سراميک,1,0,1,1,0,0,0,1,10298899
4,83,2,1,MDF,ايرانی,پارکت,1,0,0,1,0,0,1,0,10415801
1,108,2,1,MDF,ايراني فرنگي,سراميک,1,0,0,1,0,0,1,0,10266558
زیرهمكف,63,1,1,MDF,ايرانی,پارکت,1,0,1,0,1,0,1,0,10145705
1,67,2,1,MDF,ايراني فرنگي,پارکت,1,0,1,0,0,0,1,0,10274906
2,100,3,1,MDF,ايرانی,سراميک,1,0,1,0,0,0,0,0,10262705
4,75,2,1,MDF,ايرانی,سراميک,1,0,0,1,0,0,0,1,10415807
1,186,3,1,MDF,ايراني فرنگي,پارکت سنگ,1,0,1,0,0,0,1,0,10415808
3,45,1,1,MDF,ايرانی,سراميک,1,0,1,0,0,0,0,1,10301823
5,64,2,1,MDF,ايرانی,سراميک,1,0,1,0,0,0,0,1,10348212
2,88,2,1,MDF,ايراني فرنگي,سراميک,1,0,1,1,0,0,1,0,10351294
3,129,3,1,MDF,ايراني فرنگي,سنگ,1,0,1,1,0,0,1,0,3161520
2,85,2,1,MDF,ايرانی,سراميک,1,0,1,1,0,0,0,1,3583593
4,78,2,1,MDF,ايراني فرنگي,سنگ,1,0,0,0,0,0,1,0,10350724
5,120,3,1,نيمه مبله,ايراني فرنگي,سنگ,1,0,1,1,0,0,1,1,3757906
2,60,1,1,MDF,ايراني فرنگي,سراميک,1,0,1,1,0,0,1,0,10349794
3,135,2,1,MDF,ايراني فرنگي,سراميک,1,0,0,1,0,0,1,0,10263946
2,130,3,1,MDF,ايراني فرنگي,پارکت,1,0,1,1,0,0,0,1,10185602
زیرهمكف,55,1,1,MDF,ايرانی,سراميک,1,0,0,0,0,0,1,0,10271234
4,92,2,1,MDF,فرنگی,سراميک,1,0,1,0,1,1,0,0,2408081
1,123,2,1,MDF,ايراني فرنگي,پارکت,1,0,1,1,0,0,0,1,10077921
4,67,2,1,MDF,ايراني فرنگي,سراميک,1,0,1,1,0,0,0,1,10217810
3,108,2,1,MDF,ايراني فرنگي,پارکت,1,0,0,0,0,0,0,1,10332794
4,132,3,1,MDF,ايراني فرنگي,سنگ,1,0,1,1,0,0,0,1,10349549
3,91,2,1,MDF,ايراني فرنگي,سراميک,1,0,1,1,0,0,0,1,10347503
5,105,2,1,MDF,ايراني فرنگي,سنگ,0,0,0,0,0,0,0,0,10266948
4,122,2,1,چوبي,ايراني فرنگي,سنگ,1,0,1,1,1,0,0,0,10415824
2,70,2,1,MDF,ايراني فرنگي,سراميک,1,0,1,1,0,0,1,0,10347561
2,43,1,1,MDF,ايرانی,سنگ,1,0,1,0,1,0,0,1,10415826
3,78,2,1,MDF,ايراني فرنگي,سراميک,1,0,1,0,0,0,0,0,10261408
4,54,1,1,MDF,ايرانی,سراميک,1,0,1,0,0,0,0,1,10332350
5,111,2,1,MDF,ايرانی,سراميک,1,0,1,1,0,1,0,0,10126804
2,110,2,1,MDF,ايراني فرنگي,سراميک,1,0,1,0,0,0,0,0,10273403
4,100,2,1,MDF,ايرانی,پارکت,1,0,1,0,0,0,1,0,10415832
1,90,2,1,MDF,ايراني فرنگي,سراميک,1,0,1,1,0,0,0,1,10247533
1,82,2,1,MDF,ايراني فرنگي,سراميک,1,0,1,1,0,0,0,1,10415838
3,60,1,1,MDF,ايرانی,سراميک,1,0,0,0,0,0,1,0,10264031
زیرهمكف,52,1,1,MDF,ايرانی,سراميک,1,0,0,0,0,0,0,1,10271993
3,84,2,1,MDF,ايرانی,موزائيک,1,0,0,1,0,1,1,1,10178805
4,62,2,1,چوبي,ايراني فرنگي,سراميک,1,0,1,1,0,0,0,1,10298277
3,85,2,1,MDF,ايراني فرنگي,سراميک,1,0,1,1,0,0,0,1,10354987
2,65,2,1,MDF,ايرانی,سراميک,0,0,0,0,0,0,0,0,10184535
3,55,1,1,MDF,ايرانی,سراميک,1,0,1,1,0,0,1,0,10348648
4,80,2,1,MDF,ايرانی,سراميک,1,0,1,0,0,0,1,0,10300373
2,117,2,1,MDF,ايراني فرنگي,سنگ,1,0,1,1,0,0,0,0,10204185
4,94,2,1,MDF,ايرانی,سراميک,1,0,1,0,0,0,0,1,10415845
1,245,3,1,MDF,ايراني فرنگي,سنگ,1,0,1,1,0,0,1,0,10348365
5,66,2,1,MDF,ايرانی,سراميک,1,0,1,1,0,0,0,1,10300790
4,70,2,1,MDF,ايرانی,سراميک,1,0,0,1,1,0,0,0,10346856
4,40,1,1,MDF,ايرانی,سراميک,1,0,1,0,0,0,0,1,10415848
2,120,2,1,MDF,فرنگی,سنگ,1,0,1,1,1,0,0,0,10273229
2,55,1,1,MDF,ايرانی,سراميک,1,0,1,1,0,0,1,0,10299343
مختلف,120,2,1,MDF,ايراني فرنگي,سراميک,1,0,0,1,0,0,1,0,10218322
مختلف,105,2,1,MDF,ايراني فرنگي,سراميک,1,0,0,1,0,0,1,0,10218319
مختلف,115,2,1,MDF,ايراني فرنگي,سراميک,1,0,0,1,0,0,1,0,10218320
4,65,1,1,MDF,ايرانی,سراميک,1,0,1,1,0,0,0,1,10415861
1,74,2,1,MDF,ايرانی,سراميک,1,0,0,0,0,0,1,0,10415862
2,170,3,1,هایگلاس,ايراني فرنگي,سنگ,1,0,1,1,0,0,0,1,10263973
1,50,1,1,MDF,ايرانی,سراميک,1,0,1,1,0,0,0,1,10134292
1,70,2,1,MDF,ايرانی,موزائيک,1,0,0,0,0,0,0,1,10415863
1,100,2,2,MDF,ايراني فرنگي,سراميک,1,0,0,1,0,0,1,0,10334765
2,72,1,1,MDF,فرنگی,سراميک,1,0,0,1,0,0,1,0,10334747
4,61,1,1,MDF,ايرانی,سراميک,1,0,1,1,0,0,1,0,10334714
3,141,2,1,MDF,ايراني فرنگي,سنگ,1,0,1,0,0,0,1,0,3568866
3,105,2,1,MDF,ايراني فرنگي,سراميک,1,0,1,1,0,0,0,0,10334707
1,156,3,,MDF,ايراني فرنگي,پارکت,1,0,1,1,0,0,0,0,10415865
3,112,2,1,MDF,ايراني فرنگي,سراميک,1,0,1,1,0,0,0,0,10415866
1,105,2,1,MDF,ايراني فرنگي,سراميک,0,0,0,0,0,0,0,0,10273874
3,85,2,1,هایگلاس,ايراني فرنگي,لامنيت,1,0,1,1,0,0,0,1,10415867
3,91,2,1,MDF,ايراني فرنگي,سنگ,1,0,1,1,0,0,1,0,3993355
1,60,1,1,MDF,ايرانی,سراميک,1,0,1,1,0,0,1,0,10265617
1,125,3,1,چوبي,ايراني فرنگي,سنگ,1,0,1,1,0,1,0,1,10296678
3,86,2,1,MDF,ايرانی,سراميک,1,0,1,1,0,0,0,1,10255697
3,115,2,1,MDF,ايراني فرنگي,پارکت,1,0,1,1,0,0,0,1,10354015
3,87,2,1,MDF,ايرانی,سراميک,1,0,1,1,0,0,1,0,10117283
همكف,56,1,1,MDF,ايرانی,سنگ,1,0,1,0,0,0,0,1,10273539
3,98,2,1,هایگلاس,ايراني فرنگي,سنگ,1,0,1,1,0,0,0,1,10350763
زیرهمكف,113,2,1,چوبي فلزي,ايراني فرنگي,سراميک,1,0,1,0,0,0,1,0,10351107
4,84,2,1,MDF,ايراني فرنگي,سراميک,1,0,1,0,0,0,1,0,10415869
2,52,1,1,هایگلاس,ايرانی,سراميک,1,0,0,1,0,0,0,1,10273217
4,110,2,1,MDF,ايراني فرنگي,سنگ,1,0,1,1,0,0,0,1,10003188
2,115,2,1,MDF,ايراني فرنگي,سراميک,1,0,1,1,1,1,0,0,3590095
4,115,2,2,MDF,ايرانی,سنگ,0,0,1,1,0,0,0,1,10146106
11,140,3,1,چوبي,ايراني فرنگي,سنگ,1,0,1,1,0,0,0,1,10335277
1,111,3,1,MDF,ايراني فرنگي,پارکت,1,0,1,0,0,0,0,1,10415872
3,104,2,1,MDF,ايراني فرنگي,سراميک,1,0,1,0,0,0,1,0,10415873
3,93,2,1,MDF,ايراني فرنگي,پارکت,1,0,1,1,0,0,1,0,10261413
7,144,3,1,هایگلاس,ايراني فرنگي,سراميک,1,0,1,1,0,0,0,1,10273679
4,123,2,1,MDF,ايراني فرنگي,سراميک,1,0,1,1,0,0,1,1,10185266
1,64,1,1,MDF,ايرانی,سنگ,0,0,1,0,0,0,1,0,10299705
2 و 1,131,2,1,MDF,ايرانی,سنگ,0,0,1,0,0,0,1,0,10299382
1,145,3,1,چوبي,ايراني فرنگي,سنگ,1,0,1,1,0,0,0,1,10349722
1,150,3,1,چوبي,ايراني فرنگي,سنگ,1,0,1,1,0,0,0,1,10349723
2,115,2,1,چوبي,ايراني فرنگي,سنگ,1,0,1,1,0,0,0,1,10349724
4,98,2,1,MDF,ايراني فرنگي,سراميک,1,0,1,0,0,0,0,1,10335565
2,100,2,1,چوبي,ايراني فرنگي,سراميک,1,0,1,1,0,0,0,1,10335563
3,76,2,1,MDF,ايرانی,سراميک,1,0,1,1,0,0,0,1,10151559
1,115,2,1,MDF,ايرانی,سراميک,1,0,1,1,0,0,1,0,10276343
4,62,2,1,MDF,ايرانی,پارکت,1,0,1,1,0,0,0,1,10276382
3,235,3,1,دلخواه,ايراني فرنگي,سنگ,1,0,1,1,0,0,1,1,10178337
3,112,2,1,MDF,ايراني فرنگي,سراميک,1,0,0,0,0,0,1,0,10202080
3,181,3,1,MDF,ايراني فرنگي,لامنيت,1,0,1,1,1,1,0,0,10275985
3,170,3,1,هایگلاس,ايراني فرنگي,سنگ,1,0,1,0,0,0,1,0,10259823
3,120,2,1,MDF,ايراني فرنگي,سنگ,1,0,1,1,0,0,0,1,10117135
4,92,2,1,MDF,ايراني فرنگي,سنگ,1,0,1,1,0,0,1,0,10202423
1,130,3,1,هایگلاس,ايراني فرنگي,سراميک,1,0,1,0,0,0,0,1,10245551
3,107,2,1,MDF,ايراني فرنگي,سنگ,1,0,1,1,0,0,0,1,3856944
2,79,2,1,فلزي,ايرانی,سراميک,0,0,0,0,0,0,0,0,3535007
1,143,3,1,MDF,ايرانی,سنگ,1,0,1,0,0,0,0,1,10415887
همكف,125,2,1,MDF,ايراني فرنگي,سراميک,1,0,1,1,0,0,0,1,10268319
2,76,1,1,MDF,ايراني فرنگي,سراميک,1,0,1,1,0,0,1,1,3792210
2,99,2,1,MDF,ايراني فرنگي,سراميک,1,0,1,1,0,0,0,1,10275005
4,85,2,1,MDF,ايرانی,سراميک,1,0,1,0,0,0,1,1,10080084
9,200,4,0,دلخواه,ايراني فرنگي,سنگ,1,0,1,1,0,0,0,1,2775335
4,63,2,1,MDF,ايرانی,سراميک,1,0,0,0,1,0,0,0,10415888
1,261,3,1,فايبرگلاس,ايراني فرنگي,سنگ,1,0,1,1,0,0,1,0,3825702
3,117,2,1,MDF,فرنگی,سراميک,1,0,1,1,0,0,1,0,10117710
همكف,62,1,1,MDF,ايرانی,سراميک,1,0,1,1,0,0,1,0,10150777
6,120,2,0,دلخواه,ايراني فرنگي,سنگ,1,0,1,1,1,0,1,1,10299061
1,90,2,1,MDF,ايراني فرنگي,سراميک,1,0,1,1,0,0,0,1,10182991
4,120,2,1,MDF,ايراني فرنگي,پارکت,1,0,1,1,0,0,0,0,3332557
3,130,3,1,دلخواه,ايراني فرنگي,سنگ,1,0,1,0,0,0,1,0,10241133
5,80,2,1,MDF,ايراني فرنگي,سنگ,1,0,1,1,0,0,0,1,3493313
3,120,2,1,MDF,ايراني فرنگي,سنگ,1,0,1,0,0,0,1,0,10273833
2,71,2,1,MDF,ايراني فرنگي,سراميک,1,0,1,1,0,0,1,0,10251856
7,155,3,1,MDF,ايراني فرنگي,سنگ,1,0,1,1,0,0,0,1,10332268
3,149,3,1,MDF,ايراني فرنگي,سنگ,1,0,1,1,0,0,1,0,10302134
5,222,3,1,MDF,ايراني فرنگي,سراميک,1,0,1,0,0,0,1,1,10133038
2,65,2,1,MDF,ايرانی,سنگ,0,0,1,1,0,0,1,0,10273785
2,86,2,1,MDF,فرنگی,سراميک,1,0,1,1,0,0,1,1,10415894
2,35,1,1,هایگلاس,ايراني فرنگي,سنگ,1,0,1,0,0,0,0,1,10273463
3,145,3,1,MDF,ايراني فرنگي,سراميک,0,0,0,0,0,0,0,0,10415895
3,160,3,1,هایگلاس,ايراني فرنگي,لامنيت,1,0,1,0,0,0,1,0,10348633
1,85,2,1,MDF,ايراني فرنگي,سنگ,1,0,1,1,0,0,1,0,10415896
1,60,2,1,MDF,ايراني فرنگي,سراميک,1,0,1,1,0,0,0,1,10415897
2,182,3,1,MDF,ايراني فرنگي,سنگ,1,0,1,1,0,0,1,1,3905912
2,65,1,1,فلزي,ايرانی,سراميک,0,0,1,0,0,0,1,0,10273774
4,211,3,1,چوبي,فرنگی,سراميک,1,0,1,0,0,0,1,0,10299629
2,56,1,1,MDF,ايرانی,سراميک,1,0,1,1,0,0,0,1,10301937
1,125,2,1,MDF,ايراني فرنگي,سراميک,1,0,1,1,0,0,1,0,10127820
1,183,3,1,MDF,ايراني فرنگي,سنگ,1,0,1,1,0,0,1,0,10179143
5,150,3,1,MDF,ايراني فرنگي,سنگ,1,0,1,1,0,0,1,1,10415899
3,73,2,1,MDF,ايراني فرنگي,سنگ,1,0,1,1,0,0,0,1,10332736
4,103,2,1,MDF,ايرانی,سراميک,1,0,1,0,0,0,1,0,10199464
4,76,2,1,MDF,ايراني فرنگي,سنگ,0,0,1,0,0,0,0,1,10352412
5,101,3,1,MDF,ايرانی,پارکت,0,0,0,0,0,0,0,0,10000630
4,40,1,1,MDF,ايرانی,سراميک,0,0,0,0,0,0,0,0,10415900
2,138,2,1,چوبي,ايرانی,سراميک,1,0,0,1,0,1,1,1,3947012
3,63,2,1,MDF,ايراني فرنگي,سراميک,1,0,1,0,0,0,1,0,10415901
4,98,2,1,MDF,ايراني فرنگي,سراميک,1,0,1,1,0,0,1,0,10415903
4,103,2,1,MDF,ايراني فرنگي,پارکت,1,0,1,0,0,0,1,0,10273068
3,73,1,1,MDF,ايرانی,سراميک,1,0,0,1,0,0,1,0,10415909
1,57,1,1,MDF,ايرانی,سراميک,1,0,1,1,0,0,0,0,10274530
4,55,1,1,MDF,ايراني فرنگي,پارکت,1,0,1,0,0,0,0,0,10274528
2,190,3,1,MDF,ايراني فرنگي,سراميک,1,0,1,1,0,0,0,1,10250548
4,63,1,1,MDF,ايراني فرنگي,سراميک,1,0,0,0,0,0,1,0,10299509
3,90,2,1,MDF,ايراني فرنگي,سراميک,1,0,1,1,0,1,0,1,10272027
5,164,3,1,MDF,ايراني فرنگي,سنگ,1,0,1,1,0,0,1,0,10274593
4,60,2,1,چوبي,ايراني فرنگي,پارکت,1,0,1,1,0,0,1,0,10178547
3,95,2,1,MDF,ايراني فرنگي,سراميک,1,0,1,1,0,0,1,0,10335358
2,103,2,1,MDF,ايراني فرنگي,سراميک,1,0,0,1,0,0,0,0,10273216
4,140,3,1,MDF,ايراني فرنگي,سراميک,1,0,1,1,0,0,0,1,10415913
4,74,2,1,MDF,ايراني فرنگي,سراميک,1,0,1,1,0,0,0,0,10415914
2,125,2,1,MDF,ايراني فرنگي,سنگ,1,0,1,1,0,1,0,0,10415915
4,78,2,1,MDF,ايرانی,سراميک,1,0,1,1,0,0,1,0,10301590
4,97,2,1,MDF,ايراني فرنگي,سراميک,1,0,1,1,0,0,1,0,10301593
2,57,2,1,MDF,ايرانی,سراميک,1,0,1,1,0,0,0,1,10415918
3,52,1,1,MDF,ايرانی,سراميک,1,0,1,1,0,0,1,0,3841884
5,50,2,1,MDF,ايرانی,سراميک,1,0,1,1,0,0,0,0,10299033
4,72,2,1,MDF,ايراني فرنگي,سراميک,1,0,1,0,0,0,0,1,10298073
3,113,2,1,MDF,ايراني فرنگي,سراميک,1,0,1,1,0,0,0,1,10296648
3,47,1,1,MDF,ايرانی,سراميک,1,0,1,1,0,0,0,1,10415924
2,190,3,1,MDF,ايراني فرنگي,سنگ,1,0,1,1,0,0,1,0,10415925
4,63,2,1,MDF,ايرانی,سراميک,1,0,1,0,0,0,0,0,10299220
1,118,3,1,MDF,ايراني فرنگي,سنگ,1,0,1,1,0,0,1,0,10415926
4,65,2,1,MDF,ايرانی,سراميک,1,0,0,0,0,0,1,0,10415932
همكف,75,1,1,MDF,ايراني فرنگي,سنگ,1,0,1,0,0,0,1,0,10264127
1,88,2,1,MDF,ايراني فرنگي,سراميک,1,0,1,1,0,0,0,0,10415933
4,103,2,1,MDF,ايراني فرنگي,سراميک,1,0,1,1,0,0,0,0,10219306
3,60,1,1,MDF,ايراني فرنگي,سراميک,0,0,0,0,0,0,0,0,10415935
3,65,2,1,MDF,ايرانی,سراميک,1,0,1,1,0,0,1,0,10415937
همكف,69,1,1,MDF,ايرانی,پارکت,1,0,0,1,0,0,0,1,10415938
5,87,2,1,MDF,ايراني فرنگي,سنگ,1,0,1,1,0,0,0,1,10415939
8,255,3,1,MDF,ايراني فرنگي,سراميک,1,0,1,1,0,0,1,0,10164608
4,81,2,1,MDF,ايراني فرنگي,سنگ,1,0,1,1,0,0,0,1,10415940
1,83,2,1,MDF,ايراني فرنگي,سراميک,1,0,1,1,1,0,0,0,10354308
1,60,1,1,MDF,ايراني فرنگي,سراميک,1,0,0,1,0,0,0,1,10181693
1,47,1,1,MDF,ايرانی,سراميک,1,0,1,0,0,0,0,1,10415941
4,160,2,1,MDF,ايراني فرنگي,سنگ,1,0,1,0,0,0,1,0,10264107
5,97,2,1,MDF,ايراني فرنگي,سراميک,1,0,1,1,0,0,0,1,3970904
3,53,1,1,MDF,ايرانی,سراميک,1,0,1,1,0,0,0,1,10415945
همكف,52,1,1,MDF,ايرانی,سراميک,1,0,1,0,0,0,0,0,10415947
3,80,2,1,MDF,ايرانی,سراميک,1,0,1,0,1,0,0,0,10269338
4,116,2,1,MDF,ايراني فرنگي,سنگ,1,0,1,0,0,1,0,0,10322293
5,150,3,1,MDF,ايراني فرنگي,سراميک,1,0,1,1,0,0,0,1,10348065
5,150,3,1,MDF,ايراني فرنگي,سنگ,1,0,1,1,0,0,0,1,10415952
3,211,3,1,MDF,ايراني فرنگي,پارکت,1,0,1,1,0,0,0,1,3884568
2,80,1,1,MDF,ايراني فرنگي,پارکت,1,0,1,1,0,0,0,1,10346352
5,110,2,1,MDF,ايراني فرنگي,سراميک,1,0,1,1,0,0,1,0,10052826
4,158,3,1,فلزي,ايراني فرنگي,سنگ,1,0,1,1,0,0,0,1,3945121
2,165,3,1,MDF,ايراني فرنگي,سنگ,1,0,1,0,0,0,1,0,10132785
5,135,3,1,MDF,ايراني فرنگي,سنگ,1,0,1,1,0,0,1,0,10150984
4,155,3,1,MDF,ايراني فرنگي,سراميک,1,0,1,1,0,0,1,0,10265828
1,176,3,1,MDF,ايراني فرنگي,سراميک,1,0,1,1,0,0,1,0,10415956
3,180,3,1,MDF,ايراني فرنگي,سراميک,1,0,1,1,0,0,0,1,10251792
1,157,3,1,MDF,ايراني فرنگي,سنگ,1,0,1,1,0,0,1,0,10270867
2,116,2,1,هایگلاس,ايراني فرنگي,سنگ,1,0,1,1,0,0,0,1,10275460
4,175,3,1,MDF,ايراني فرنگي,سنگ,1,0,1,0,0,0,1,1,10299240
3,85,2,1,MDF,ايراني فرنگي,سراميک,1,0,1,1,0,0,0,0,10268274
2,90,1,1,MDF,ايرانی,پارکت,1,0,1,0,0,0,1,0,10297146
3,153,3,1,MDF,ايراني فرنگي,سنگ,1,0,1,1,0,0,1,1,10242095
3,71,0,1,ندارد,ايراني فرنگي,سراميک,0,0,0,0,0,0,0,1,10347811
7,400,4,1,دلخواه,ايراني فرنگي,سنگ,1,0,1,1,0,0,1,1,2024645
1,100,2,1,MDF,ايراني فرنگي,سراميک,1,0,1,1,0,0,1,0,10415971
3,107,2,1,چوبي,ايراني فرنگي,سنگ,1,0,1,1,0,0,0,1,10415973
2,121,2,1,MDF,ايراني فرنگي,سنگ,0,0,0,0,0,0,0,0,10244356
4,146,3,1,MDF,ايراني فرنگي,سراميک,1,0,1,1,0,0,1,0,10251963
5,130,2,1,MDF,ايراني فرنگي,سراميک,1,0,1,1,0,0,0,1,10091510
1,117,2,1,دلخواه,ايراني فرنگي,سنگ,1,0,1,1,0,0,0,1,3881080
همكف,70,1,1,هایگلاس,ايراني فرنگي,سراميک,1,0,1,0,0,0,0,1,10415984
1,150,3,1,MDF,ايراني فرنگي,سنگ,0,0,1,1,0,0,1,1,10253510
4,116,2,1,MDF,ايراني فرنگي,سنگ,1,0,1,1,0,0,1,0,10415993
3,142,3,1,MDF,ايراني فرنگي,سنگ,1,0,1,1,0,0,0,1,10415994
1,64,2,1,MDF,ايراني فرنگي,سراميک,1,0,1,0,0,0,0,1,10415996
1,77,2,1,MDF,ايراني فرنگي,سراميک,1,0,1,1,0,0,1,0,10261646
مختلف,97,3,1,MDF,ايراني فرنگي,سراميک,1,0,1,1,0,0,1,0,10268230
3,64,1,1,MDF,ايرانی,لامنيت,1,0,1,1,0,0,0,1,3998213
2,56,1,1,MDF,ايراني فرنگي,سراميک,1,0,1,0,0,0,1,0,10415997
8,113,2,1,هایگلاس,ايراني فرنگي,سراميک,1,0,1,1,0,0,0,1,10415999
4,62,1,1,MDF,ايراني فرنگي,سراميک,1,0,1,0,0,0,0,1,10416001
1,67,2,1,MDF,ايراني فرنگي,سراميک,1,0,1,0,0,0,0,1,10077467
3,54,1,1,MDF,ايراني فرنگي,سنگ,1,0,1,0,0,0,1,0,10347611
1,145,3,1,MDF,ايراني فرنگي,سراميک,1,0,1,0,0,0,0,0,10354148
مختلف,110,2,0,دلخواه,ايراني فرنگي,سراميک,1,0,1,0,0,0,1,0,10261447
1,55,1,1,هایگلاس,ايرانی,سراميک,1,0,1,0,0,0,0,1,10245658
3,200,3,1,MDF,ايراني فرنگي,سنگ,1,0,1,1,0,0,1,0,10268518
1,142,3,1,MDF,ايراني فرنگي,سراميک,1,0,1,1,0,0,0,1,3853871
3,120,2,1,MDF,ايراني فرنگي,سنگ,1,0,1,1,0,0,1,0,10199567
3,58,1,1,MDF,ايرانی,پارکت,1,0,1,0,0,0,0,1,10416015
1,70,2,1,هایگلاس,ايراني فرنگي,سراميک,1,0,0,0,1,0,0,1,10416016
1,110,2,1,MDF,ايراني فرنگي,سراميک,1,0,1,0,0,0,0,0,10416019
4,83,2,1,MDF,ايرانی,سراميک,1,0,1,1,0,0,1,0,10416020
1,81,2,2,MDF,ايراني فرنگي,سراميک,1,0,0,0,0,0,0,1,10416026
1,108,2,1,فلزي,ايرانی,پارکت,0,0,1,0,0,0,0,0,10416029
1,100,2,2,MDF,ايراني فرنگي,سراميک,1,0,0,0,0,0,0,1,10416030
1,103,3,1,MDF,ايراني فرنگي,سنگ,1,0,1,0,0,0,0,1,10416032
2,83,2,1,MDF,ايراني فرنگي,سنگ,1,0,1,0,0,0,1,0,10299071
2,74,2,1,MDF,ايراني فرنگي,پارکت,1,0,1,0,0,0,1,0,10416034
1,70,2,1,MDF,ايراني فرنگي,سنگ,1,0,1,0,0,0,0,1,3827869
3,94,2,1,MDF,ايراني فرنگي,سراميک,1,0,1,1,0,0,0,1,10240310
همكف,42,2,یك,فلزي,ايرانی,سراميک,0,0,0,0,0,0,0,1,10416037
4,92,2,1,MDF,ايراني فرنگي,نا مشخص,1,0,1,0,0,0,0,1,10416038
3,94,2,1,MDF,ايراني فرنگي,سنگ,1,0,1,1,0,0,1,0,10204428
2,62,1,1,MDF,ايرانی,سراميک,1,0,1,0,0,0,0,1,10416042
زیرهمكف,50,1,1,فلزي,ايرانی,موزائيک,0,0,0,0,0,0,0,0,10218297
3,101,2,1,MDF,ايراني فرنگي,سراميک,1,0,1,1,0,0,1,0,10132983
2,158,3,1,MDF,ايراني فرنگي,سراميک,1,0,1,1,0,0,0,1,3998587
3,135,3,1,MDF,ايراني فرنگي,سنگ,1,0,1,1,0,0,0,1,10252319
3,107,2,1,MDF,ايراني فرنگي,سنگ,1,0,1,1,0,0,1,1,10256696
2,114,2,,MDF,ايراني فرنگي,سراميک,1,0,1,1,0,0,1,0,10416048
3,150,3,1,MDF,فرنگی,سنگ,1,0,1,1,0,0,0,1,10416049
1,130,2,1,چوبي,ايراني فرنگي,سنگ,1,0,1,1,1,0,0,1,10416050
5,100,2,1,MDF,ايراني فرنگي,سراميک,1,0,1,0,0,0,1,0,10104010
2,149,3,1,فلزي,ايراني فرنگي,سنگ,1,0,1,1,0,0,0,1,10416052
1,83,2,1,MDF,ايراني فرنگي,سنگ,1,0,1,1,0,0,0,1,10348060
6,140,3,1,MDF,ايراني فرنگي,سنگ,1,0,1,0,0,0,1,0,10351841
6,115,2,1,چوبي,ايراني فرنگي,سنگ,1,0,1,1,0,0,1,0,10416055
4,116,2,1,MDF,ايراني فرنگي,سراميک,0,0,0,0,0,0,0,0,10416058
2,91,2,1,MDF,ايراني فرنگي,سراميک,1,0,1,0,0,0,1,0,10416060
همكف,40,1,1,فلزي,ايرانی,موزائيک,1,0,0,1,0,0,1,1,10219340
3,116,2,1,MDF,ايراني فرنگي,سنگ,1,0,1,1,1,0,0,0,10416064
2,115,2,1,MDF,ايراني فرنگي,سنگ,1,0,1,1,0,0,0,1,3213634
8,123,3,1,MDF,ايراني فرنگي,سراميک,1,0,1,0,0,0,1,1,10052906
1,138,1,1,چوبي,ايراني فرنگي,لامنيت,1,0,1,0,0,0,0,0,10241431
5,103,2,1,MDF,ايراني فرنگي,سنگ,1,0,1,1,1,0,1,0,10416073
2,129,3,1,MDF,ايراني فرنگي,سراميک,1,0,1,1,0,0,1,1,10416077
2,85,2,1,نا مشخص,ايراني فرنگي,سراميک,1,0,1,1,0,0,0,1,10416084
4,106,2,1,MDF,ايراني فرنگي,نا مشخص,1,0,0,0,0,0,1,0,10350001
10,90,2,1,MDF,ايراني فرنگي,پارکت,1,0,1,1,0,0,1,0,10416085
4,89,2,1,MDF,ايرانی,پارکت,1,0,1,0,0,0,1,0,10128280
1,97,2,1,چوبي,ايراني فرنگي,سراميک,1,0,1,1,0,0,0,0,10416093
1,140,2,1,MDF,ايراني فرنگي,سنگ,0,0,0,0,0,0,0,0,10052433
1,81,2,1,MDF,ايراني فرنگي,سنگ,1,0,1,0,0,0,1,0,10116770
1,137,3,1,هایگلاس,ايراني فرنگي,سنگ,1,0,1,1,0,0,0,1,10177872
3,115,2,1,MDF,ايراني فرنگي,سراميک,1,0,1,1,0,0,0,1,10185120
3,100,2,1,MDF,ايراني فرنگي,سراميک,1,0,1,0,0,0,1,0,10205301
1,81,2,1,MDF,ايراني فرنگي,سراميک,1,0,1,1,0,0,1,0,10268169
2,114,2,1,MDF,ايراني فرنگي,سراميک,1,0,0,1,0,0,0,1,10247359
1,148,3,1,هایگلاس,ايراني فرنگي,سراميک,0,0,0,0,0,0,0,0,10302142
1,113,3,1,هایگلاس,ايراني فرنگي,سراميک,1,0,1,1,0,0,0,1,10260440
5,168,4,1,MDF,ايرانی,پارکت,1,0,1,0,0,0,0,1,10267724
4,75,2,1,MDF,ايراني فرنگي,سراميک,0,0,0,0,0,0,0,0,10299242
2,112,2,1,MDF,ايرانی,سراميک,1,0,1,1,0,0,0,1,10416097
2,118,3,1,هایگلاس,ايراني فرنگي,سنگ,1,0,1,1,0,0,0,1,10334317
4,170,3,1,MDF,ايراني فرنگي,سنگ,1,0,1,0,0,0,0,0,10299461
3,105,2,1,MDF,ايراني فرنگي,سنگ,1,0,1,1,0,0,0,1,10416098
4,105,3,1,MDF,ايراني فرنگي,سراميک,0,0,1,1,0,0,0,1,10241026
4,83,2,1,MDF,ايراني فرنگي,سنگ,1,0,1,1,0,0,0,0,10335493
4,103,2,1,MDF,ايراني فرنگي,سراميک,1,0,1,1,0,0,1,1,10161866
1,49,1,1,MDF,ايرانی,سراميک,1,0,1,0,0,0,1,0,10299224
5,73,2,1,هایگلاس,ايراني فرنگي,پارکت,1,0,1,1,1,0,0,0,10333116
4,125,2,0,هایگلاس,ايراني فرنگي,سنگ,1,0,1,1,0,0,0,1,3891992
1,78,2,1,MDF,ايرانی,سراميک,1,0,1,1,0,0,1,0,10147988
3,139,63,1,چوبي,ايراني فرنگي,سراميک,1,0,1,0,0,0,0,1,10266509
6,200,3,1,MDF,ايراني فرنگي,پارکت,1,0,1,0,0,0,1,0,10268517
4,116,3,1,MDF,ايراني فرنگي,سراميک,1,0,1,0,0,0,0,0,10301726
10,85,2,1,MDF,ايراني فرنگي,سنگ,1,0,1,1,0,1,0,1,2391950
1,139,3,1,MDF,ايراني فرنگي,سنگ,1,0,0,0,0,0,0,1,10240672
4,131,3,1,MDF,ايراني فرنگي,لامنيت,1,0,1,1,0,0,1,1,10147296
زیرهمكف,129,3,1,MDF,ايراني فرنگي,سنگ,1,0,1,0,0,0,0,1,10177370
همكف,147,3,1,MDF,ايراني فرنگي,سنگ,1,0,0,0,0,0,1,0,10416104
2,79,2,1,MDF,ايراني فرنگي,سراميک,1,0,1,1,0,0,1,0,10201350
1,165,3,1,چوبي,ايراني فرنگي,پارکت,1,0,1,1,0,0,1,1,10260002
8,107,2,1,MDF,ايراني فرنگي,سراميک,1,0,1,0,0,1,0,1,2472624
5,135,3,1,چوبي,ايراني فرنگي,سراميک,1,0,0,1,0,0,0,1,3879348
1,101,2,1,MDF,ايراني فرنگي,سراميک,1,0,1,1,0,0,0,1,10335754
1,122,2,1,فلزي,ايراني فرنگي,موزائيک,1,0,1,1,0,0,0,1,10262616
2,61,1,1,هایگلاس,ايراني فرنگي,سراميک,1,0,1,0,0,0,0,1,10299346
10,130,3,1,هایگلاس,ايراني فرنگي,سراميک,1,0,1,1,0,0,1,0,10335468
3,71,2,1,MDF,ايرانی,سراميک,1,0,1,0,0,0,0,1,10271059
4,76,2,1,MDF,ايراني فرنگي,سراميک,1,0,1,1,0,0,0,1,10333988
1,121,2,2,MDF,ايرانی,پارکت,0,0,0,0,0,0,0,0,10416109
3,46,1,,MDF,ايراني فرنگي,پارکت,1,0,0,1,0,0,0,0,10416110
2,76,2,,MDF,ايراني فرنگي,پارکت,1,0,1,0,0,0,1,0,10416111
1,65,2,1,MDF,فرنگی,سراميک,1,0,1,1,0,0,0,0,10333989
1,132,2,1,MDF,ايراني فرنگي,سنگ,0,0,0,0,0,0,0,0,10000694
2 واحد,163,2,1,MDF,ايرانی,سراميک,1,0,0,1,0,0,0,1,3561433
1,142,5,1,فلزي,ايراني فرنگي,موزائيک,0,0,0,0,0,0,0,0,10416116
5,65,1,1,MDF,ايرانی,سراميک,1,0,1,1,0,0,0,1,3791844
1,137,3,1,هایگلاس,ايراني فرنگي,سنگ,1,0,1,1,0,0,0,1,10416120
3,105,2,1,MDF,ايراني فرنگي,سراميک,1,0,1,1,0,0,1,0,10186348
3,65,2,1,MDF,ايرانی,سراميک,1,0,1,1,1,0,0,1,10416122
3,172,3,1,MDF,ايراني فرنگي,سراميک,1,0,1,0,0,0,0,1,10299148
5,115,2,1,MDF,ايرانی,سراميک,1,0,1,1,0,0,0,1,10346753
1,89,2,1,MDF,ايراني فرنگي,سراميک,1,0,1,1,0,0,1,0,10353782
2,120,2,1,MDF,ايراني فرنگي,سنگ,1,0,1,1,0,0,0,1,10201689
1,137,3,1,چوبي,فرنگی,سراميک,0,0,1,1,0,0,0,1,10351041
1,58,1,1,MDF,ايراني فرنگي,سراميک,1,0,1,0,0,0,0,1,10416134
2,135,3,1,MDF,ايراني فرنگي,سراميک,1,0,1,0,0,0,0,1,10416136
3,220,3,1,MDF,ايراني فرنگي,سراميک,1,0,1,1,0,0,1,0,10266765
5,147,3,1,MDF,ايراني فرنگي,سنگ,1,0,1,1,0,1,0,1,10119092
همكف,80,2,یك,MDF,ايراني فرنگي,سراميک,1,0,1,0,0,0,0,1,10299250
8,130,3,یك,MDF,ايراني فرنگي,سراميک,1,0,1,0,0,0,0,1,10299256
1,90,2,1,MDF,ايراني فرنگي,سراميک,1,0,1,1,0,0,1,0,10416146
مختلف,111,2,0,هایگلاس,ايراني فرنگي,سراميک,0,0,0,0,0,0,0,0,10416148
4,90,2,1,MDF,ايرانی,سراميک,1,0,1,1,0,0,0,1,10416150
2,127,3,1,MDF,ايراني فرنگي,سنگ سراميک,1,0,0,0,0,0,1,1,10276165
2,120,3,1,MDF,ايراني فرنگي,سراميک,1,0,1,0,0,0,0,1,10275428
5,86,2,1,MDF,ايراني فرنگي,سراميک,1,0,1,1,0,0,1,0,10416151
2,70,2,1,MDF,ايرانی,پارکت,1,0,0,0,0,0,1,0,10272307
3,96,2,1,دلخواه,ايراني فرنگي,سنگ,1,0,1,1,0,0,1,0,10273455
2,100,2,1,دلخواه,ايراني فرنگي,سنگ,0,0,0,0,0,0,1,0,10275446
1,65,1,1,MDF,ايرانی,سراميک,1,0,1,1,0,0,1,0,10274346
4,60,1,1,MDF,ايرانی,پارکت,1,0,1,1,0,0,0,1,10416152
2,113,2,1,هایگلاس,ايراني فرنگي,سنگ,0,0,1,1,0,0,1,0,10296690
زیرهمكف,62,1,1,چوبي,ايرانی,سراميک,1,0,1,0,0,0,1,0,10416153
2,139,3,1,MDF,ايراني فرنگي,سراميک,1,0,1,1,0,0,1,0,10334775
2,117,2,1,MDF,ايراني فرنگي,لامنيت,1,0,1,1,0,0,1,1,10276423
5,95,2,1,MDF,ايراني فرنگي,سنگ,1,0,1,1,0,0,0,1,10335312
1,220,3,1,چوبي,ايراني فرنگي,سنگ,0,0,0,0,0,0,0,0,10416154
مختلف,75,2,1,MDF,ايراني فرنگي,سنگ,1,0,1,1,0,0,0,1,10255542
2,150,3,1,دلخواه,ايراني فرنگي,سنگ,1,0,1,1,0,0,1,0,10296694
5,185,3,1,MDF,ايراني فرنگي,سراميک,1,0,1,1,0,0,0,1,10299131
3,92,2,1,MDF,ايراني فرنگي,سنگ,1,0,1,1,1,0,0,1,10334146
