طبقه,زیربنا,خواب,تلفن,آشپزخانه,سرویس,کفپوش,OPEN,پارکینگ,انباری,بالکن,غربی,شرقی,شمالی,جنوبی,code
2,126,3,1,MDF,فرنگی,سنگ,1,0,1,1,0,0,1,0,10350106
1,45,1,1,MDF,ايرانی,سراميک,1,0,1,0,0,0,1,0,10257438
3,114,2,1,فلزي,ايرانی,سراميک,1,0,1,1,0,0,1,0,10258881
4,107,2,1,MDF,ايراني فرنگي,پارکت,1,0,1,1,0,0,0,1,10263326
5,111,2,1,MDF,ايراني فرنگي,سنگ,1,0,1,0,0,0,0,0,3947771
4,82,2,1,MDF,ايراني فرنگي,سراميک,1,0,1,1,0,0,0,1,10333450
4,76,2,1,MDF,ايرانی,سراميک,0,0,0,0,0,0,0,0,10270484
2,67,2,1,MDF,ايرانی,سراميک,1,0,1,0,0,0,0,1,10262441
3,83,2,1,MDF,ايراني فرنگي,سنگ,1,0,1,0,0,0,0,1,10336008
3,52,1,1,MDF,ايرانی,سراميک,1,0,1,0,0,0,0,1,10347897
3,118,2,1,MDF,فرنگی,سراميک,1,0,1,1,0,0,1,0,3883319
1,44,1,1,MDF,ايرانی,پارکت,1,0,1,0,0,0,0,0,10258165
5,78,2,1,MDF,ايراني فرنگي,سراميک,1,0,1,0,0,0,1,0,10347572
2,86,2,1,MDF,ايراني فرنگي,سراميک,1,0,1,0,0,0,0,1,10272977
5,102,2,1,هایگلاس,ايراني فرنگي,سراميک,1,0,1,1,0,0,0,1,10116080
4,61,2,1,MDF,ايراني فرنگي,سراميک,1,0,1,0,0,0,0,0,10179134
3,80,1,1,MDF,ايراني فرنگي,سراميک,1,0,0,1,0,0,1,0,10348445
2,62,2,1,MDF,ايرانی,سراميک,1,0,1,1,0,0,1,0,10266898
زیرهمكف,60,1,1,MDF,ايرانی,سراميک,1,0,1,0,0,0,1,0,10347859
همكف,55,1,1,هایگلاس,ايرانی,سراميک,0,0,1,0,0,0,0,0,10347884
2,88,2,1,MDF,ايرانی,سراميک,1,0,1,1,0,0,0,1,10217935
2,61,1,1,MDF,ايراني فرنگي,سراميک,1,0,1,1,0,0,1,0,10348373
3,43,1,1,MDF,ايرانی,سراميک,1,0,0,0,0,0,0,0,10273089
همكف,48,1,1,MDF,ايرانی,سراميک,1,0,1,0,0,0,0,0,10268949
4,67,2,1,MDF,ايراني فرنگي,سراميک,1,0,1,1,0,0,0,1,10347959
5,89,2,1,MDF,ايراني فرنگي,سراميک,1,0,1,0,0,0,1,0,3175294
2,130,3,1,MDF,ايراني فرنگي,سراميک,1,0,1,1,0,0,0,1,10348437
3,58,1,1,MDF,ايرانی,سنگ,1,0,0,0,0,0,1,0,10347823
زیرهمكف,60,1,1,MDF,ايرانی,سراميک,1,0,1,0,0,0,0,1,10217443
3,58,1,1,MDF,ايراني فرنگي,سراميک,1,0,1,1,0,0,0,1,10252311
3,150,3,1,هایگلاس,ايراني فرنگي,سراميک,1,0,1,0,0,0,0,1,10276407
1,74,2,1,MDF,ايرانی,سراميک,1,0,1,0,0,1,0,0,10256142
4,99,2,1,MDF,ايراني فرنگي,سراميک,1,0,1,1,0,0,1,1,10187773
1,95,2,1,MDF,ايرانی,سراميک,1,0,0,1,0,0,1,0,10244351
2,77,2,1,MDF,ايراني فرنگي,سراميک,1,0,1,1,0,0,1,0,10261259
2,65,2,1,MDF,ايرانی,سراميک,1,0,1,1,0,0,0,1,10268825
1,65,2,1,MDF,ايراني فرنگي,سنگ,1,0,1,1,0,0,0,1,10003119
همكف,135,3,1,فلزي,ايرانی,موکت,1,0,1,1,0,0,0,1,3830191
5,83,2,1,MDF,ايراني فرنگي,سراميک,1,0,1,1,0,0,1,0,10347094
4,75,2,1,MDF,ايرانی,سراميک,1,0,0,1,0,0,0,1,10347387
زیرهمكف,58,1,1,MDF,ايراني فرنگي,سراميک,1,0,0,0,0,0,1,0,10348108
2,90,2,1,MDF,ايراني فرنگي,سنگ,1,0,1,1,0,0,1,0,10258538
4,60,2,1,MDF,ايرانی,سراميک,1,0,1,1,0,0,1,0,10348908
9,336,3,1,هایگلاس,ايراني فرنگي,سراميک,1,0,1,1,0,0,1,0,3739864
3,181,3,1,MDF,فرنگی,سراميک,1,0,1,1,0,0,0,0,3327241
همكف,75,1,1,MDF,ايرانی,سراميک,1,0,1,0,0,0,1,0,10428513
6,123,2,1,چوبي,ايراني فرنگي,سراميک,1,0,1,1,0,0,1,0,10220005
زیر همكف,52,1,1,MDF,ايرانی,سراميک,1,0,0,0,0,0,0,1,3820497
4,120,3,0,MDF,ايراني فرنگي,سنگ,1,0,1,1,0,0,1,0,10346734
همكف,185,2,1,MDF,ايراني فرنگي,سنگ,1,0,1,1,0,0,1,0,10252110
2,100,2,1,MDF,ايراني فرنگي,سنگ,1,0,1,1,0,0,1,0,10428491
5,96,2,,نا مشخص,نامشخص,نا مشخص,0,0,0,1,0,0,1,0,10040998
7,223,3,1,MDF,ايراني فرنگي,سراميک,1,0,0,1,0,0,0,1,3841665
5,120,2,1,چوبي فلزي,ايراني فرنگي,سراميک,0,0,1,1,0,0,0,1,10269210
2,121,2,1,MDF,ايراني فرنگي,سراميک,1,0,1,1,0,0,1,0,10122597
1,134,2,2,MDF,ايراني فرنگي,سنگ,1,0,1,1,0,0,1,0,10348724
5,124,3,1,MDF,ايراني فرنگي,سراميک,1,0,1,1,1,0,1,1,10273498
4,125,2,1,MDF,ايراني فرنگي,پارکت,1,0,1,1,0,0,1,0,10126512
4,90,2,1,MDF,ايرانی,موکت,1,0,1,1,0,0,0,1,10134827
6,84,2,1,MDF,ايراني فرنگي,سراميک,1,0,1,1,0,0,0,1,10249491
همكف,172,3,1,MDF,ايراني فرنگي,سنگ,1,0,1,1,0,0,0,1,10336343
4,95,2,1,MDF,ايراني فرنگي,سراميک,1,0,1,1,0,0,0,1,10449201
همكف,73,1,1,چوبي,ايرانی,سراميک,0,0,0,0,0,0,1,0,10299074
1,129,2,1,MDF,ايراني فرنگي,پارکت,1,0,1,0,0,0,1,0,10299114
3,105,3,1,MDF,ايرانی,سراميک,1,0,1,0,0,0,1,0,10177999
2,138,2,1,MDF,ايراني فرنگي,پارکت,1,0,1,1,0,0,0,1,10270549
2,67,1,1,MDF,ايرانی,سراميک,1,0,1,1,0,0,0,1,10347875
3,157,3,1,هایگلاس,ايراني فرنگي,سراميک,1,0,1,1,0,0,0,1,10332498
2,61,1,1,MDF,ايراني فرنگي,سنگ,1,0,1,0,0,0,1,0,10183844
3,140,3,1,MDF,ايراني فرنگي,سنگ,1,0,1,1,0,0,0,1,10335692
1,106,3,1,MDF,ايراني فرنگي,سراميک,1,0,1,0,0,0,1,0,10395233
2,138,3,1,چوبي,ايراني فرنگي,سنگ,1,0,1,1,0,0,1,1,10333247
4,90,2,1,MDF,ايرانی,سراميک,0,0,0,1,1,0,0,1,10348739
1,180,3,1,MDF,ايراني فرنگي,سنگ,1,0,1,1,1,1,0,0,10449213
3,70,1,1,MDF,ايرانی,سراميک,1,0,1,1,0,0,1,0,10131037
1,55,1,1,MDF,ايرانی,سراميک,1,0,0,0,0,0,0,1,10449215
6,200,3,1,MDF,ايراني فرنگي,سنگ,1,0,1,1,1,1,0,0,10348779
8,96,2,0,دلخواه,ايراني فرنگي,سراميک,1,0,1,1,0,0,1,0,10126096
همكف,115,2,1,MDF,ايراني فرنگي,سراميک,1,0,1,1,0,0,1,1,10348652
1,105,2,1,MDF,ايراني فرنگي,سراميک,1,0,1,1,0,0,1,1,10269399
4,61,1,1,MDF,ايرانی,سراميک,1,0,1,0,0,0,0,1,10449217
1,200,5,1,MDF,ايراني فرنگي,سنگ,1,0,1,1,0,0,0,0,10346412
5,143,3,1,MDF,ايراني فرنگي,سنگ,1,0,1,1,1,1,0,0,10302129
2,80,2,1,نا مشخص,ايراني فرنگي,سراميک,1,0,1,1,0,0,0,1,10354790
2,100,2,1,MDF,ايرانی,سنگ,1,0,0,0,0,0,1,1,3996222
3,185,3,1,چوبي,فرنگی,سراميک,1,0,1,1,0,0,1,0,10348320
1,77,2,1,چوبي,ايراني فرنگي,سراميک,1,0,1,0,0,0,0,1,10090938
همكف,118,2,1,MDF,ايراني فرنگي,پارکت,1,0,1,0,0,0,0,1,10332557
4,70,1,1,MDF,ايراني فرنگي,سراميک,1,0,1,0,0,0,0,0,10117524
5,64,2,1,MDF,ايراني فرنگي,سراميک,1,0,1,0,0,0,0,0,10449223
زیرهمكف,78,2,1,MDF,ايرانی,سراميک,1,0,1,0,0,0,0,1,10129260
4,200,4,1,هایگلاس,ايرانی,سراميک,1,0,0,0,0,0,0,1,10335341
2,113,2,1,MDF,ايراني فرنگي,سنگ,1,0,1,1,0,0,0,1,10348679
3,92,2,1,MDF,ايراني فرنگي,سراميک,1,0,1,1,1,0,0,0,10185013
3,300,4,0,چوبي,ايراني فرنگي,سنگ,1,0,1,1,0,0,1,0,3996303
9,140,2,1,MDF,فرنگی,سنگ,1,0,0,0,0,0,0,1,10269250
5,120,3,1,MDF,ايراني فرنگي,سراميک,1,0,1,1,0,0,0,1,10349897
3,80,1,1,MDF,ايرانی,لامنيت,1,0,1,1,0,0,1,0,10449224
2,108,2,1,MDF,ايراني فرنگي,سنگ,1,0,1,1,0,0,0,1,10297393
همكف,74,2,1,MDF,ايراني فرنگي,سراميک,1,0,1,0,0,0,0,1,10272324
5,52,1,1,MDF,ايرانی,سراميک,1,0,1,1,0,0,1,1,10274917
3,88,2,1,MDF,ايراني فرنگي,پارکت,1,0,1,1,0,0,0,1,10187826
1,114,3,1,MDF,ايراني فرنگي,سنگ دهبيد,1,0,1,1,0,0,1,0,10297391
3,53,1,1,MDF,ايرانی,سراميک,1,0,1,0,0,0,0,1,10296722
1,105,2,1,MDF,ايراني فرنگي,سنگ,1,0,1,1,0,0,1,0,10219087
4,65,1,1,MDF,ايراني فرنگي,سنگ,1,0,1,1,0,0,1,0,10351108
3,108,2,1,MDF,ايراني فرنگي,سراميک,1,0,1,1,0,0,0,1,10335588
1,105,2,1,MDF,ايراني فرنگي,سنگ,1,0,1,0,0,0,1,0,10354119
1,70,1,1,فلزي,ايرانی,سراميک,1,0,1,0,0,0,1,0,10449225
2,137,2,1,فلزي,ايراني فرنگي,سراميک,0,0,1,1,0,0,1,0,10124114
2,126,3,1,MDF,ايراني فرنگي,پارکت,1,0,1,1,0,0,1,0,10354123
3,54,1,1,MDF,ايراني فرنگي,سراميک,1,0,1,1,0,0,1,1,10348678
همكف,126,3,1,MDF,ايرانی,سراميک,1,0,1,0,0,0,0,1,10449226
4,183,3,1,MDF,ايراني فرنگي,سنگ,1,0,1,1,1,0,0,1,10299179
4,127,3,1,MDF,ايراني فرنگي,سراميک,1,0,1,1,0,0,1,0,3996074
3,100,2,0,چوبي,ايراني فرنگي,سنگ,1,0,1,1,0,0,0,1,10335006
5,127,2,1,MDF,ايراني فرنگي,سراميک,1,0,1,0,1,0,0,0,10299479
3,133,3,1,MDF,ايرانی,سنگ,1,0,1,1,0,0,0,1,10354547
3,227,3,1,MDF,ايرانی,سنگ,1,0,0,1,0,0,0,0,10001799
7,115,2,1,MDF,ايراني فرنگي,سنگ,1,0,1,1,0,0,1,0,3891110
3,60,1,1,چوبي,ايراني فرنگي,سنگ,1,0,1,1,1,0,0,1,10300121
5,202,3,1,MDF,ايراني فرنگي,سنگ,1,0,1,1,0,0,0,1,10351552
1,110,2,1,MDF,ايراني فرنگي,سراميک,1,0,1,1,1,0,0,1,10299456
1,100,2,2,فلزي,ايرانی,سراميک,0,0,0,0,0,0,0,0,10245771
2,140,3,1,MDF,ايراني فرنگي,سراميک,1,0,1,1,0,0,0,1,10218387
1,78,2,1,MDF,ايراني فرنگي,سنگ,1,0,1,1,0,0,0,1,10300038
5,80,2,1,چوبي,ايراني فرنگي,سراميک,1,0,1,1,0,0,0,1,10348698
2,138,3,1,MDF,ايراني فرنگي,سراميک,0,0,0,0,0,0,0,0,10132992
2,63,1,1,MDF,فرنگی,سراميک,1,0,0,0,0,0,0,1,10350735
3,53,1,1,MDF,ايرانی,سراميک,1,0,1,0,0,0,0,1,10449231
3,58,1,1,MDF,ايرانی,سراميک,1,0,1,0,0,0,0,1,10449232
4,75,2,1,MDF,ايراني فرنگي,سراميک,1,0,0,1,0,0,0,1,10449236
4,83,2,1,MDF,ايراني فرنگي,سراميک,1,0,1,0,0,0,1,0,10296709
4,98,2,1,MDF,ايرانی,سراميک,1,0,0,1,0,0,0,1,3880405
1,60,2,1,MDF,ايرانی,سنگ,1,0,1,0,0,0,0,0,10449241
1,68,2,1,MDF,ايراني فرنگي,سراميک,1,0,1,0,0,0,1,0,10052914
3,108,2,1,MDF,ايراني فرنگي,سراميک,1,0,1,1,0,0,0,1,10405387
1,75,2,1,MDF,فرنگی,سراميک,0,0,1,1,0,0,0,0,10449243
3,135,2,1,MDF,ايرانی,سراميک,1,0,1,1,0,0,0,1,10163697
5,230,4,0,MDF,ايراني فرنگي,سراميک,1,0,1,1,0,0,0,0,10351009
1,185,3,1,چوبي,ايراني فرنگي,سنگ,1,0,1,1,0,0,0,1,10051507
1,67,2,1,MDF,ايرانی,سراميک,1,0,1,0,0,0,0,1,10449245
1و2,142,3,1,MDF,ايراني فرنگي,سراميک,1,0,1,0,0,0,0,1,10131167
4,67,2,1,فلزي,ايرانی,سراميک,0,0,0,0,0,0,0,1,10449246
2,62,2,1,MDF,ايراني فرنگي,سنگ,0,0,0,0,0,0,0,0,10247975
1,68,1,1,MDF,ايراني فرنگي,سراميک,1,0,1,0,0,0,0,1,10273931
2,60,1,1,MDF,ايرانی,سراميک,1,0,1,0,0,0,0,1,10272989
4,113,2,1,MDF,ايراني فرنگي,سراميک,1,0,1,1,0,0,1,0,10268652
2,58,2,1,MDF,ايرانی,سراميک,1,0,0,0,0,0,0,1,10259293
مختلف,75,2,1,MDF,ايراني فرنگي,سنگ,1,0,1,1,0,0,1,0,3963151
مختلف,110,2,1,MDF,ايراني فرنگي,سنگ,1,0,1,1,0,0,1,1,3963153
مختلف,160,3,1,MDF,ايراني فرنگي,سنگ,1,0,1,1,0,0,1,0,3963161
مختلف,180,3,1,MDF,ايراني فرنگي,سنگ,1,0,1,1,0,0,1,0,3963163
مختلف,280,3,1,MDF,ايراني فرنگي,سنگ,1,0,1,1,0,0,1,0,3963165
مختلف,170,3,1,MDF,ايراني فرنگي,سنگ,1,0,1,1,0,0,1,0,3963162
مختلف,255,4,1,فول فرنيش,ايراني فرنگي,سنگ,1,0,1,1,0,0,1,0,10151436
2,72,2,1,MDF,ايرانی,سنگ,1,0,1,0,0,0,1,0,10133378
1,50,1,1,MDF,ايرانی,سراميک,1,0,1,0,0,0,1,0,10130455
2واحد باهم,70,3,1,MDF,ايرانی,سراميک,1,0,0,0,1,1,0,1,10297041
1,141,3,1,MDF,ايراني فرنگي,سراميک,1,0,1,1,1,0,0,1,10348358
3,56,1,1,هایگلاس,ايراني فرنگي,سراميک,1,0,1,1,0,0,0,1,10449250
1,124,2,1,MDF,ايراني فرنگي,سنگ,1,0,1,0,0,0,1,1,10262614
3,145,3,1,MDF,ايراني فرنگي,سنگ,1,0,1,1,0,0,1,0,10175750
1,60,1,1,MDF,ايرانی,سراميک,1,0,0,1,0,0,1,0,10130157
3,60,1,1,MDF,ايراني فرنگي,سراميک,1,0,0,1,0,0,1,1,10185115
3,64,1,1,MDF,ايراني فرنگي,پارکت,1,0,1,1,0,0,0,1,10176677
2,60,2,1,MDF,ايرانی,سراميک,1,0,1,1,0,0,1,1,10348719
1,72,2,1,MDF,ايراني فرنگي,سراميک,1,0,1,1,0,0,0,1,10270026
1,40,1,0,دلخواه,فرنگی,سراميک,0,0,0,0,0,0,0,0,10449254
1,35,1,0,دلخواه,ايرانی,سراميک,1,0,0,0,0,0,0,1,10449255
4,60,1,1,MDF,ايرانی,سنگ,1,0,1,1,0,0,1,0,10177818
4,57,2,0,دلخواه,ايراني فرنگي,سراميک,1,0,0,1,0,0,0,1,10449256
5,92,2,1,MDF,ايراني فرنگي,سراميک,1,0,1,1,0,0,1,0,10299053
3,63,2,1,فلزي,ايراني فرنگي,سراميک,1,0,1,0,0,0,1,0,10417767
3,100,2,1,MDF,ايراني فرنگي,سنگ,1,0,1,1,0,0,1,0,10300683
2,80,2,1,MDF,ايراني فرنگي,سنگ,1,0,1,1,0,0,1,0,10269632
1,131,3,1,MDF,ايراني فرنگي,سنگ,1,0,1,1,0,0,1,0,10179925
4,93,2,0,هایگلاس,ايراني فرنگي,سنگ,0,0,1,1,0,0,1,0,10298787
4,75,2,1,MDF,ايراني فرنگي,PVC,0,0,0,0,0,0,0,0,10449258
1,58,1,1,MDF,ايرانی,لامنيت,1,0,1,1,0,0,0,1,10276509
3,120,3,1,MDF,ايراني فرنگي,سراميک,1,0,1,1,0,0,0,1,10449259
5,125,2,1,MDF,ايراني فرنگي,سنگ,1,0,0,0,0,0,0,0,10350350
2,100,2,1,MDF,ايراني فرنگي,سراميک,1,0,1,0,0,0,1,0,10350351
2,149,3,1,MDF,ايراني فرنگي,سنگ,1,0,1,1,0,0,1,0,10248849
3,114,2,1,MDF,فرنگی,سراميک,1,0,1,1,0,0,1,0,10322241
2,45,1,1,MDF,ايرانی,سراميک,1,0,0,0,0,0,0,0,10297209
4,93,2,1,MDF,ايراني فرنگي,سراميک,1,0,1,0,0,0,1,0,10449260
1,52,1,1,MDF,ايراني فرنگي,سراميک,1,0,1,0,1,0,0,0,10351155
2,50,1,1,MDF,ايراني فرنگي,سراميک,1,0,0,0,0,0,0,0,10299658
3,78,2,1,هایگلاس,ايراني فرنگي,سراميک,1,0,1,0,0,0,0,1,10299676
1,140,3,1,MDF,ايراني فرنگي,سنگ,1,0,1,0,0,0,0,1,10350226
2,115,2,1,هایگلاس,ايراني فرنگي,سراميک,1,0,1,1,0,0,0,1,10346592
1,160,3,1,MDF,ايراني فرنگي,سنگ,1,0,1,1,0,0,0,0,10180335
3,110,2,1,MDF,ايراني فرنگي,سراميک,1,0,1,1,0,0,0,1,10349700
2,115,3,1,MDF,ايراني فرنگي,سراميک,1,0,1,1,0,0,0,1,10298721
1,215,3,1,دلخواه,ايراني فرنگي,سنگ,1,0,1,1,0,0,0,1,10124189
2,75,2,1,چوبي,ايراني فرنگي,سراميک,0,0,1,1,0,0,0,1,10350802
1,63,1,1,MDF,ايراني فرنگي,سراميک,1,0,1,1,0,0,0,1,10298753
1,127,2,1,MDF,ايراني فرنگي,سنگ,1,0,1,0,0,0,0,1,10298706
1,116,2,1,MDF,ايراني فرنگي,پارکت,1,0,0,0,0,0,1,0,10350032
4,118,2,1,MDF,فرنگی,سراميک,1,0,1,0,0,0,1,1,10297036
2,100,2,1,MDF,ايراني فرنگي,سراميک,1,0,1,0,0,0,1,0,10162902
3,47,1,1,MDF,ايرانی,سراميک,0,0,0,0,0,0,1,0,10262642
1,66,2,1,MDF,ايراني فرنگي,سنگ,1,0,0,1,1,1,0,0,3421229
4,148,3,1,MDF,ايراني فرنگي,سنگ,1,0,1,1,0,0,1,0,10300196
1,83,2,1,MDF,ايراني فرنگي,سراميک,1,0,1,1,0,0,1,0,10350023
7,92,2,1,MDF,ايراني فرنگي,سراميک,1,0,1,1,0,0,0,1,10350452
2,65,1,1,MDF,ايرانی,سراميک,1,0,1,1,0,0,0,1,3963443
مختلف,100,2,1,MDF,ايراني فرنگي,سراميک,0,0,0,0,0,0,1,0,10268757
3,113,3,1,MDF,ايراني فرنگي,سراميک,1,0,1,1,0,0,1,0,10241993
7,185,3,1,MDF,ايراني فرنگي,سنگ,1,0,1,1,0,0,1,1,10350195
2,81,2,1,MDF,ايراني فرنگي,سراميک,1,0,1,1,0,0,1,0,10245570
مختلف,230,4,1,MDF,ايراني فرنگي,سنگ,1,0,1,1,0,0,1,1,10449263
4,115,2,,MDF,ايراني فرنگي,سراميک,1,0,1,1,0,0,0,1,10385316
1,500,4,1,فرنيش,ايراني فرنگي,سنگ,1,0,1,1,0,0,1,1,10353828
3,270,4,1,MDF,ايراني فرنگي,سراميک,1,0,1,0,0,0,0,1,10348968
همكف,130,3,3,MDF,ايراني فرنگي,سنگ,1,0,1,1,0,0,0,0,10125962
3,97,2,1,MDF,ايراني فرنگي,سنگ,1,0,0,1,0,0,1,0,10300646
4,40,1,1,MDF,فرنگی,سراميک,1,0,1,0,1,0,0,0,10300922
2,124,2,1,MDF,ايرانی,سراميک,1,0,1,1,0,0,0,1,10449265
5,70,1,1,MDF,ايراني فرنگي,پارکت,1,0,1,0,0,0,0,1,10275184
2,150,3,1,MDF,ايراني فرنگي,سنگ,1,0,1,1,0,0,1,0,10205824
2,114,2,1,MDF,ايرانی,سنگ,1,0,1,1,0,0,1,1,3320266
1,105,2,1,MDF,ايراني فرنگي,سنگ,1,0,0,1,0,0,1,0,10263095
3,58,1,1,MDF,ايرانی,پارکت,1,0,1,1,0,0,1,0,10365152
1,130,3,1,MDF,ايراني فرنگي,سنگ,1,0,1,0,0,0,1,0,10205612
4,160,3,1,چوبي,ايراني فرنگي,سنگ,1,0,1,1,0,0,1,0,10202593
1,69,2,1,MDF,ايراني فرنگي,سراميک,1,0,1,1,0,0,0,1,10302048
همكف,41,1,1,MDF,ايراني فرنگي,سراميک,1,0,0,0,0,0,0,1,10385153
1,188,3,1,MDF,فرنگی,سنگ,1,0,1,1,0,1,1,0,10350100
2,185,3,1,MDF,ايرانی,سراميک,1,0,1,0,0,0,1,0,10300935
1,56,1,1,فلزي,ايرانی,پارکت,1,0,1,0,0,0,0,1,10335535
2,64,2,1,MDF,ايرانی,سراميک,1,0,0,1,0,0,1,0,10265462
3,47,1,1,هایگلاس,ايراني فرنگي,سراميک,1,0,1,1,0,0,0,1,10348945
4,90,2,1,MDF,ايراني فرنگي,سراميک,1,0,1,0,0,0,0,1,3207122
3,85,2,1,MDF,ايراني فرنگي,سراميک,1,0,1,1,0,0,0,1,10273994
2,112,2,1,MDF,ايراني فرنگي,سراميک,0,0,0,0,0,0,0,0,10276635
زیرهمكف,62,1,1,MDF,ايرانی,سراميک,1,0,0,0,0,0,0,0,10273995
2,88,2,1,MDF,ايراني فرنگي,نا مشخص,1,0,1,1,0,0,1,0,10428972
4,40,1,1,MDF,ايرانی,سراميک,1,0,0,0,0,0,0,1,3167289
4,68,1,1,MDF,ايراني فرنگي,سنگ,0,0,0,0,0,0,0,0,10260406
4,113,2,1,MDF,ايراني فرنگي,سراميک,1,0,1,1,1,0,0,0,10346317
2,90,2,1,MDF,ايراني فرنگي,سراميک,1,0,1,1,0,0,0,0,10449266
3,120,3,1,چوبي,ايراني فرنگي,لامنيت,1,0,1,1,0,0,0,0,10449267
3,65,2,1,MDF,ايراني فرنگي,سراميک,1,0,1,1,0,0,0,0,10449269
2,135,3,1,MDF,نامشخص,سراميک,0,0,1,1,0,0,0,1,3786715
همكف,169,3,1,MDF,ايراني فرنگي,سراميک,1,0,1,1,0,0,1,0,10273071
زیرهمكف,110,2,1,MDF,ايراني فرنگي,سراميک,1,0,1,1,0,0,0,0,10350897
4,78,2,2,MDF,ايراني فرنگي,سراميک,1,0,1,0,1,0,1,0,10348775
3,52,1,1,MDF,ايرانی,سراميک,1,0,1,0,0,0,1,0,10449278
3و4,200,3,1,MDF,ايراني فرنگي,سنگ,1,0,1,1,0,0,0,1,10299616
2,64,1,1,MDF,ايراني فرنگي,سراميک,1,0,1,1,0,0,1,0,10300124
1,120,2,1,MDF,ايراني فرنگي,سنگ,0,0,0,0,0,0,0,0,10300123
3,109,2,1,چوبي,ايراني فرنگي,سنگ,1,0,1,1,0,0,1,0,10271818
3,100,2,1,MDF,ايراني فرنگي,سراميک,1,0,1,1,0,0,0,1,10349065
1,83,2,1,چوبي,ايراني فرنگي,سنگ,1,0,1,1,0,0,0,1,10349063
14,150,3,1,MDF,ايراني فرنگي,سراميک,1,0,1,1,0,0,0,1,10264584
3,138,3,1,MDF,ايراني فرنگي,سنگ,1,0,1,1,0,1,1,0,10417541
1,138,3,1,MDF,ايراني فرنگي,سراميک,1,0,1,1,0,0,1,0,10268327
زیرهمكف,64,1,1,MDF,ايرانی,سراميک,1,0,0,0,0,0,1,0,10118492
1,85,2,1,MDF,ايراني فرنگي,سراميک,1,0,1,1,0,0,0,0,10276200
1,86,2,1,MDF,ايرانی,سراميک,1,0,1,0,0,0,0,0,10243710
2,270,3,1,هایگلاس,ايراني فرنگي,سنگ,0,0,1,1,0,0,1,0,10350583
3,113,3,0,چوبي,ايراني فرنگي,سنگ,1,0,1,1,0,0,0,1,10349072
3,130,3,1,MDF,ايراني فرنگي,سراميک,1,0,1,1,0,1,0,0,10346525
همكف,150,3,1,چوبي,ايراني فرنگي,سنگ,1,0,1,1,0,0,0,1,10297978
3,130,3,1,MDF,ايراني فرنگي,سنگ,1,0,1,1,0,0,0,1,10349377
6,114,2,1,MDF,ايرانی,سراميک,1,0,1,1,0,0,0,1,10298096
5,201,3,1,MDF,ايراني فرنگي,سنگ,1,0,1,1,0,0,0,1,10129875
8,170,3,1,MDF,ايراني فرنگي,سنگ,1,0,1,1,0,0,0,1,10251296
1,258,4,1,MDF,ايراني فرنگي,پارکت,1,0,1,0,0,0,0,1,10204937
8,160,3,1,چوبي,ايراني فرنگي,سنگ,1,0,1,1,0,0,1,0,10259196
1,58,1,1,MDF,ايرانی,سراميک,1,0,1,0,0,0,0,1,10351330
1,50,1,0,MDF,ايرانی,لامنيت,1,0,1,0,0,0,1,0,10332638
2,91,2,1,MDF,ايرانی,پارکت,1,0,1,0,0,0,1,0,10354225
2,240,3,1,MDF,ايراني فرنگي,سراميک,1,0,0,1,0,0,1,0,10259136
3,50,1,1,MDF,ايرانی,سراميک,1,0,1,1,0,0,0,1,10255679
2,89,2,1,MDF,ايراني فرنگي,سراميک,1,0,1,1,0,0,0,1,10301916
2,78,1,1,MDF,ايراني فرنگي,پارکت,1,0,1,1,0,0,0,1,10349683
2,80,2,1,MDF,ايراني فرنگي,سراميک,1,0,1,1,0,0,0,1,10449280
4,148,2,1,MDF,ايراني فرنگي,سراميک,1,0,1,1,0,1,1,0,3840368
3,75,2,1,MDF,ايراني فرنگي,سراميک,1,0,1,1,0,0,1,0,10271288
همكف,44,1,1,MDF,ايرانی,سراميک,1,0,1,0,0,0,0,1,10250700
3,86,2,1,هایگلاس,ايراني فرنگي,سنگ,0,0,1,0,0,0,1,0,10262185
2,83,2,1,MDF,ايراني فرنگي,سراميک,0,0,0,0,0,0,0,0,10301205
2,116,2,1,MDF,ايراني فرنگي,سراميک,1,0,1,0,0,0,1,0,10162739
6,104,2,1,MDF,ايراني فرنگي,نا مشخص,1,0,1,0,0,0,1,0,10186074
3,154,3,1,MDF,ايراني فرنگي,سراميک,1,0,1,1,0,0,1,0,10204317
2,60,1,1,MDF,ايراني فرنگي,سراميک,1,0,1,1,0,0,0,1,3787015
4,100,2,1,چوبي فلزي,ايرانی,سنگ,0,0,1,1,0,0,0,1,2961447
1,102,2,1,MDF,ايراني فرنگي,پارکت,1,0,1,1,0,0,1,0,10078386
1,154,3,1,MDF,ايراني فرنگي,سنگ,1,0,1,1,0,0,0,1,3884746
5,110,2,1,MDF,ايرانی,سنگ,1,0,1,0,0,0,0,0,10188093
6,130,2,1,MDF,ايراني فرنگي,سراميک,1,0,1,1,0,0,1,0,10335949
2,123,2,1,MDF,ايراني فرنگي,پارکت,1,0,1,1,0,0,0,1,10200347
1,104,2,1,MDF,ايراني فرنگي,سنگ,1,0,1,1,0,0,0,1,10449283
2,190,3,1,MDF,ايراني فرنگي,سنگ,1,0,1,1,0,0,0,1,10449284
1,85,2,1,فلزي,ايراني فرنگي,پارکت,1,0,1,0,0,0,0,0,10264611
4,70,1,1,MDF,ايرانی,سراميک,0,0,1,0,0,0,0,0,10253589
5,136,3,1,MDF,ايراني فرنگي,سنگ,1,0,1,1,0,0,0,1,10449285
5,110,2,1,هایگلاس,ايراني فرنگي,سراميک,1,0,1,1,0,0,1,0,10449286
4,236,3,2,MDF,ايراني فرنگي,سنگ,1,0,1,1,0,0,1,0,10348986
3,130,2,1,چوبي,ايرانی,سراميک,1,0,1,1,0,0,1,0,10449287
6 و 7,247,3,1,هایگلاس,ايراني فرنگي,سراميک,1,0,1,1,0,0,0,1,10132401
2,74,2,1,چوبي,ايراني فرنگي,سراميک,1,0,1,1,0,0,0,1,10449288
1,96,2,1,MDF,ايراني فرنگي,سراميک,1,0,1,0,0,0,1,0,10333455
همكف,98,2,1,MDF,ايراني فرنگي,سنگ,1,0,1,1,0,0,0,1,3879469
همكف,170,3,1,چوبي,ايرانی,سراميک,1,0,0,0,0,0,1,1,10449289
5,119,2,1,هایگلاس,ايراني فرنگي,سراميک,1,0,1,1,0,0,1,0,10385056
1,140,3,1,هایگلاس,ايراني فرنگي,سنگ,1,0,1,1,0,0,0,1,10351106
2,115,3,1,MDF,ايراني فرنگي,سنگ,1,0,0,1,0,0,0,1,10449291
2,95,2,1,هایگلاس,ايراني فرنگي,سنگ,1,0,1,1,0,0,1,0,10449292
1,155,3,1,MDF,ايراني فرنگي,سراميک,1,0,1,1,0,0,0,1,10449293
1,144,3,1,هایگلاس,ايراني فرنگي,سنگ,1,0,1,1,0,0,0,1,10353510
2,110,2,1,MDF,ايراني فرنگي,سنگ,1,0,1,1,0,0,0,1,10001367
همكف,73,2,1,MDF,ايرانی,سراميک,1,0,1,0,0,0,0,1,10131830
3,61,1,1,MDF,ايراني فرنگي,سنگ,1,0,1,1,0,0,1,0,10449295
2,71,1,1,MDF,ايرانی,سنگ,1,0,1,0,0,0,0,0,10449296
2,229,3,2,MDF,ايراني فرنگي,سنگ,0,0,0,0,0,0,0,0,10124820
1,46,1,1,MDF,ايراني فرنگي,سراميک,1,0,1,0,0,0,0,1,10352245
1,118,3,1,MDF,ايراني فرنگي,نا مشخص,1,0,1,1,0,0,0,1,10352029
زیرهمكف,57,2,1,MDF,ايرانی,سراميک,1,0,0,0,0,0,1,0,10260259
5,92,2,1,هایگلاس,ايرانی,سراميک,0,0,1,1,0,0,0,1,10299939
3,50,1,1,MDF,ايرانی,سراميک,1,0,0,0,0,0,1,0,10300218
6,140,3,1,MDF,ايراني فرنگي,سراميک,1,0,1,0,0,0,0,1,10302061
2,105,2,1,MDF,ايراني فرنگي,سنگ,1,0,1,1,0,0,0,1,10298572
1,128,3,1,MDF,ايرانی,سراميک,0,0,0,0,0,0,0,0,10449298
2,50,1,1,MDF,ايرانی,سراميک,1,0,1,0,0,0,0,0,10449299
2,57,1,1,MDF,ايرانی,موکت,1,0,1,0,0,0,0,1,10449300
2,50,1,1,MDF,ايرانی,سراميک,1,0,1,0,0,0,1,0,10449301
1,102,2,1,MDF,ايرانی,موکت,1,0,0,0,0,0,0,1,10270975
5,94,2,1,MDF,فرنگی,پارکت,1,0,1,1,0,0,0,0,10335317
6,170,3,1,MDF,ايراني فرنگي,پارکت,1,0,1,1,0,0,0,1,10346306
1,131,2,1,MDF,ايراني فرنگي,لامنيت,1,0,1,1,0,0,0,1,3992112
12,131,3,1,MDF,ايراني فرنگي,سنگ,1,0,1,1,0,0,1,0,10145123
3,88,2,1,MDF,ايراني فرنگي,سراميک,1,0,1,0,0,0,1,0,10202253
2,72,2,1,MDF,ايرانی,سراميک,1,0,0,1,0,0,0,0,10449302
1,125,2,1,MDF,ايراني فرنگي,سراميک,1,0,1,0,0,0,1,0,10449303
2,117,2,1,MDF,ايراني فرنگي,سراميک,1,0,1,1,0,0,0,0,3948149
2,76,1,1,MDF,ايراني فرنگي,سراميک,1,0,1,1,0,0,1,1,10449304
1,134,3,1,چوبي فلزي,ايراني فرنگي,سراميک,1,0,1,0,0,0,1,0,10268914
10,92,2,1,MDF,ايراني فرنگي,سراميک,1,0,0,1,0,0,0,1,10449305
زیرهمكف,105,3,2,MDF,ايراني فرنگي,سراميک,1,0,1,0,0,0,0,1,10162713
4,82,2,1,هایگلاس,ايراني فرنگي,سنگ,1,0,1,0,0,0,1,0,10248170
2,157,3,1,MDF,ايراني فرنگي,سنگ,1,0,1,0,0,0,0,1,10348831
مختلف,185,3,1,هایگلاس,ايراني فرنگي,سراميک,1,0,1,1,0,0,0,1,3572905
5,320,4,1,MDF,ايراني فرنگي,سنگ,1,0,1,1,0,0,1,0,10449306
6,96,2,1,MDF,ايراني فرنگي,سراميک,1,0,1,1,0,0,1,0,10039502
3,133,3,1,MDF,ايراني فرنگي,سراميک,1,0,1,1,0,0,0,1,10449307
1,83,2,1,MDF,ايراني فرنگي,سنگ,1,0,1,1,0,0,1,0,10333491
3,250,3,1,MDF,ايراني فرنگي,سنگ,0,0,0,0,0,0,0,0,10449308
3,80,2,1,MDF,ايراني فرنگي,سراميک,1,0,1,1,0,0,1,0,10449309
4,107,2,1,MDF,ايراني فرنگي,سراميک,1,0,1,1,0,0,1,0,10449310
2,250,3,1,هایگلاس,ايراني فرنگي,سنگ,1,0,1,1,0,0,0,1,10449311
1,105,2,1,چوبي,ايراني فرنگي,سراميک,1,0,1,1,0,0,0,0,10262197
3,100,2,1,MDF,ايرانی,سراميک,1,0,0,0,0,1,0,1,10449312
3,121,2,1,MDF,ايراني فرنگي,پارکت,1,0,1,1,0,0,0,1,3887409
همكف,70,1,1,MDF,ايرانی,سراميک,1,0,0,0,0,0,0,1,10449313
2,91,2,1,چوبي,ايراني فرنگي,سراميک,1,0,1,1,0,0,1,0,10449314
1,51,1,1,MDF,ايراني فرنگي,سراميک,1,0,1,1,0,0,0,1,10449315
4,68,2,1,MDF,ايرانی,سراميک,1,0,1,1,0,0,0,1,10449319
3,139,3,1,MDF,ايراني فرنگي,سراميک,1,0,1,1,0,0,0,1,10188476
2,100,2,0,MDF,ايراني فرنگي,سراميک,1,0,1,1,0,0,1,1,10241839
4,52,1,1,MDF,ايرانی,سنگ,1,0,1,1,0,0,0,1,10449324
3,116,2,1,MDF,ايراني فرنگي,سراميک,1,0,1,1,0,0,1,0,10449325
2,74,2,1,MDF,ايرانی,نا مشخص,1,0,1,1,0,0,0,0,10449327
1,110,2,1,MDF,ايراني فرنگي,سراميک,1,0,1,0,0,0,0,1,10449328
2,51,1,1,MDF,ايرانی,سراميک,1,0,1,1,0,0,0,0,10449330
3,140,3,1,MDF,ايراني فرنگي,سراميک,1,0,1,1,0,0,0,1,10126700
4,106,2,1,MDF,ايراني فرنگي,سراميک,1,0,1,1,0,0,0,1,3978522
4,82,2,1,MDF,ايراني فرنگي,سراميک,0,0,0,0,0,0,0,0,10271740
4,65,1,1,MDF,ايرانی,سراميک,1,0,1,1,0,0,0,1,3833159
1,70,1,1,MDF,ايرانی,سراميک,1,0,0,0,0,0,1,0,10300461
3,73,1,1,MDF,ايرانی,سراميک,0,0,0,0,0,0,1,0,10333519
3,75,1,1,MDF,ايرانی,سراميک,1,0,1,0,0,0,0,1,10333521
2,55,1,1,MDF,ايرانی,سنگ,1,0,0,1,0,0,0,1,10449336
3,94,2,1,MDF,ايراني فرنگي,سراميک,1,0,1,1,0,0,0,1,10266376
4,205,3,1,MDF,ايراني فرنگي,پارکت,1,0,1,1,0,0,0,1,10449337
3,68,2,1,MDF,ايراني فرنگي,سراميک,1,0,1,1,0,0,1,0,10449339
3,67,2,1,MDF,ايرانی,پارکت,0,0,0,0,0,0,0,0,10449340
3,146,3,1,MDF,ايراني فرنگي,سنگ,0,0,1,1,1,0,0,0,10449341
5,163,3,1,MDF,ايراني فرنگي,سنگ,1,0,1,0,0,1,0,1,10241656
1,52,1,2,MDF,ايرانی,سراميک,0,0,1,0,0,0,1,0,10301773
4,43,1,1,MDF,ايرانی,سراميک,1,0,1,1,0,0,0,0,10176329
4,102,3,1,MDF,ايراني فرنگي,سنگ,1,0,1,1,0,0,0,1,3033695
3,124,3,1,MDF,ايراني فرنگي,سراميک,1,0,1,1,0,0,0,0,3840656
2,132,3,0,MDF,ايراني فرنگي,سراميک,1,0,1,1,0,0,1,0,10123059
2,76,1,1,MDF,ايراني فرنگي,سراميک,1,0,1,1,0,0,0,1,10199409
4,60,2,1,MDF,ايرانی,سراميک,1,0,1,0,0,0,0,0,10247982
3,67,2,1,MDF,ايرانی,سراميک,1,0,1,0,0,0,1,0,10333113
4,54,1,1,فلزي,ايرانی,سنگ,1,0,1,1,0,0,1,0,3462963
4,62,2,0,MDF,ايراني فرنگي,سراميک,1,0,0,0,0,0,1,0,10335581
3,63,1,1,MDF,ايرانی,سراميک,0,0,1,0,0,0,0,0,10449345
2,152,3,2,MDF,ايرانی,سراميک,0,0,1,1,0,0,1,0,10269519
5,67,2,1,MDF,فرنگی,سنگ,1,0,1,1,0,0,0,1,10449356
1,74,2,1,MDF,ايراني فرنگي,سراميک,1,0,1,0,0,0,1,0,10129789
1,134,2,1,چوبي,ايراني فرنگي,پارکت,1,0,1,0,0,0,0,1,10116115
4,90,2,1,MDF,ايراني فرنگي,سراميک,1,0,1,1,0,0,1,0,10186065
زیرهمكف,52,1,1,چوبي فلزي,ايرانی,سراميک,1,0,1,0,0,0,1,0,10219379
1,65,1,1,MDF,ايراني فرنگي,پارکت,1,0,0,1,0,0,0,1,10263501
همكف,58,1,1,MDF,ايراني فرنگي,پارکت,1,0,1,1,0,0,0,1,10264967
4,74,2,1,MDF,ايراني فرنگي,سنگ,1,0,1,1,0,0,1,1,10274924
3,47,1,1,MDF,ايرانی,سراميک,1,0,1,1,0,0,1,0,10276216
1,52,1,1,MDF,ايرانی,سراميک,1,0,1,0,0,0,1,0,10416007
همكف,64,1,1,MDF,ايرانی,سراميک,1,0,1,0,0,0,0,0,10449361
4,62,2,1,MDF,ايراني فرنگي,سراميک,1,0,1,0,0,0,1,0,10449364
5,235,3,1,چوبي,ايراني فرنگي,پارکت,0,0,0,0,0,0,0,0,10449365
5,131,3,1,MDF,ايراني فرنگي,سنگ,0,0,1,1,0,0,1,1,10246961
1,172,3,1,MDF,ايراني فرنگي,سراميک,1,0,1,1,0,0,0,1,10449368
5,122,3,1,MDF,ايراني فرنگي,سراميک,1,0,1,0,0,0,1,0,10449373
2,53,1,1,MDF,ايرانی,سراميک,1,0,1,1,0,0,1,0,10449375
2,51,1,1,MDF,ايرانی,سراميک,0,0,1,0,0,0,1,0,10449377
4,107,3,1,MDF,ايراني فرنگي,سراميک,1,0,0,1,0,0,1,0,10449391
3,70,1,1,MDF,ايرانی,سراميک,1,0,1,1,0,0,0,1,3836049
5,73,2,1,MDF,ايراني فرنگي,سراميک,1,0,1,0,0,0,0,1,10332881
1,110,3,0,نيمه مبله,ايراني فرنگي,سنگ,0,0,1,0,0,0,1,0,10449205
1,63,2,1,MDF,ايرانی,موزائيک,1,0,0,1,0,0,0,0,10449414
مختلف,50,1,1,فلزي,ايرانی,سراميک,0,0,1,0,0,0,0,1,10449416
مختلف,35,1,1,فلزي,ايرانی,سراميک,0,0,1,0,0,0,0,1,10449417
4,75,2,1,MDF,ايرانی,سراميک,0,0,0,0,0,0,0,0,10151343
4,90,2,1,MDF,ايراني فرنگي,سنگ,1,0,1,1,0,0,0,1,10253687
4,33,1,1,MDF,ايرانی,سراميک,1,0,0,0,0,0,0,0,10449420
5,65,1,1,MDF,ايراني فرنگي,سراميک,1,0,1,1,0,0,1,0,10271315
2,150,3,1,هایگلاس,ايراني فرنگي,سراميک,1,0,1,0,0,0,1,0,10449423
3,97,2,0,MDF,ايراني فرنگي,سراميک,1,0,1,0,0,0,0,1,10263783
3,124,2,1,MDF,ايرانی,سراميک,1,0,1,0,0,0,1,0,10247433
3,129,2,1,MDF,ايراني فرنگي,سنگ,1,0,1,0,0,0,1,0,10126676
4,45,1,1,MDF,ايرانی,سراميک,1,0,1,0,0,0,1,0,10449424
3,73,2,1,ندارد,ايراني فرنگي,سنگ,1,0,1,1,0,0,1,1,10299947
3,137,3,1,MDF,ايراني فرنگي,سنگ,1,0,1,1,0,0,1,1,10299948
4,111,2,1,MDF,ايراني فرنگي,پارکت,1,0,0,1,0,0,1,0,10124855
6,300,4,1,چوبي,ايراني فرنگي,سراميک,1,0,1,1,0,0,0,1,3805348
5,180,3,1,هایگلاس,ايراني فرنگي,سنگ,1,0,1,1,1,0,0,0,10347018
1,90,2,1,MDF,ايراني فرنگي,سنگ,1,0,1,0,0,0,1,0,10300886
3,91,2,1,MDF,ايرانی,سراميک,1,0,0,1,0,0,0,1,10349078
3,130,3,1,MDF,ايراني فرنگي,سراميک,1,0,1,1,0,0,0,1,3834592
1,120,2,1,MDF,ايراني فرنگي,سنگ,1,0,1,1,1,0,0,0,10300353
مختلف,139,3,1,MDF,ايراني فرنگي,سراميک,1,0,1,1,0,0,0,1,10052921
2,110,2,1,MDF,ايراني فرنگي,سنگ,1,0,1,1,0,0,1,0,10273184
مختلف,162,2,1,فلزي,ايرانی,پارکت,0,0,1,1,0,0,0,1,10132838
2,143,3,1,MDF,ايراني فرنگي,سنگ,1,0,1,1,0,0,1,0,10146352
5,215,3,1,هایگلاس,ايرانی,سنگ,1,0,1,1,0,0,1,0,10176301
5,137,3,1,MDF,ايراني فرنگي,سراميک,1,0,1,1,0,0,1,0,10261032
4,105,2,1,چوبي,ايراني فرنگي,سنگ,1,0,1,1,0,0,1,1,10348289
4,67,1,1,MDF,ايرانی,پارکت,1,0,1,0,0,0,0,1,10348278
مختلف,120,2,0,چوبي,ايراني فرنگي,سنگ,1,0,1,1,0,0,0,1,10348266
3,56,1,1,MDF,ايرانی,پارکت,1,0,0,1,0,0,1,0,10348224
4,122,2,1,MDF,ايرانی,سراميک,1,0,1,1,0,0,1,0,10117466
2,163,3,1,MDF,ايراني فرنگي,سنگ,1,0,1,0,0,0,1,1,10297200
همكف,74,2,1,MDF,ايراني فرنگي,سراميک,1,0,1,0,0,0,1,0,10261993
1,109,2,1,هایگلاس,ايراني فرنگي,سراميک,1,0,1,1,0,0,0,1,10124684
5,108,2,1,چوبي,ايرانی,سنگ,1,0,1,1,0,0,1,0,3965253
4,150,3,1,MDF,ايراني فرنگي,سراميک,1,0,1,1,1,0,0,1,3893631
5,125,2,1,MDF,ايراني فرنگي,سراميک,1,0,1,1,0,0,0,1,3669004
4,60,2,1,MDF,ايرانی,سراميک,1,0,0,1,0,0,0,1,10274697
2,74,2,2,MDF,ايراني فرنگي,سراميک,1,0,0,0,0,0,1,0,10417887
2,67,1,1,هایگلاس,ايراني فرنگي,سراميک,1,0,1,1,0,0,0,1,10351657
10,73,2,1,هایگلاس,ايراني فرنگي,سراميک,1,0,1,1,0,0,0,1,10351658
4,78,2,1,MDF,ايراني فرنگي,پارکت,1,0,1,0,1,0,0,1,10299044
2,149,3,1,چوبي,ايراني فرنگي,سنگ,1,0,1,1,0,0,0,1,10351309
5,110,2,1,هایگلاس,ايراني فرنگي,پارکت,1,0,1,1,0,0,0,1,3757286
6,156,3,1,هایگلاس,ايراني فرنگي,پارکت,1,0,1,1,0,0,0,1,3757283
3,80,2,1,MDF,ايراني فرنگي,سراميک,1,0,1,0,0,0,1,1,10300527
1,66,2,1,MDF,ايراني فرنگي,سراميک,1,0,1,0,0,0,0,0,10300520
4,93,2,1,MDF,ايراني فرنگي,سنگ,1,0,0,0,1,0,0,1,10300009
5,100,2,1,MDF,ايراني فرنگي,سنگ,1,0,1,1,0,0,1,0,10301228
3,70,2,1,MDF,ايرانی,سراميک,1,0,1,1,0,0,0,1,10276665
1,125,3,1,MDF,ايرانی,سراميک,1,0,0,0,0,0,1,0,10125355
4,50,1,1,MDF,ايرانی,سراميک,1,0,1,0,0,0,1,0,10449440
9,123,2,2,MDF,ايراني فرنگي,سراميک,1,0,1,1,1,0,0,0,10349358
3,131,2,3,MDF,ايراني فرنگي,سنگ,1,0,1,0,0,0,0,1,10322344
1,108,2,1,MDF,ايراني فرنگي,سنگ,1,0,1,1,0,0,0,1,10352865
2,110,2,0,MDF,ايراني فرنگي,سراميک,1,0,1,1,0,0,1,0,10123655
3,117,3,1,MDF,ايراني فرنگي,سراميک,1,0,1,1,0,0,1,0,10245604
2,47,1,1,MDF,ايراني فرنگي,سراميک,1,0,1,1,0,0,0,1,10299348
10,148,3,1,MDF,ايراني فرنگي,سراميک,1,0,1,1,0,0,0,1,10177258
4,70,2,1,MDF,ايراني فرنگي,سراميک,1,0,1,1,0,0,0,1,10077609
2,95,2,1,چوبي,ايراني فرنگي,سنگ,1,0,1,1,0,0,1,0,10348285
1,107,1,1,MDF,ايراني فرنگي,سراميک,1,0,1,0,1,1,0,0,10449453
2,157,3,1,چوبي,ايراني فرنگي,سنگ,1,0,1,1,0,0,1,0,10175928
3,43,1,1,MDF,ايرانی,سراميک,1,0,1,0,0,1,0,0,10332880
3,114,2,1,چوبي,ايراني فرنگي,پارکت,1,0,1,1,1,0,0,1,10333966
3,51,1,1,MDF,ايراني فرنگي,سراميک,1,0,0,0,0,0,0,1,10449454
همكف,85,2,1,MDF,ايراني فرنگي,سراميک,1,0,1,1,0,0,1,0,10256728
1,180,2,1,MDF,ايراني فرنگي,سنگ,1,0,0,0,0,0,1,1,10259121
5,92,2,1,MDF,ايرانی,سراميک,1,0,1,1,0,0,0,0,10267721
2,120,3,1,دلخواه,ايراني فرنگي,سنگ,1,0,0,1,0,0,0,1,10299678
همكف,52,1,1,MDF,ايرانی,سراميک,1,0,0,0,0,0,0,1,3963028
2,80,2,1,MDF,ايراني فرنگي,سراميک,1,0,1,0,0,0,1,1,10200297
3,77,2,1,MDF,ايراني فرنگي,سراميک,1,0,0,1,0,0,1,0,10273003
5,90,2,1,MDF,ايراني فرنگي,سنگ,1,0,1,0,0,0,0,1,10301688
1,61,1,1,MDF,ايرانی,سراميک,1,0,0,1,0,0,1,0,10296574
كلی,220,4,4,MDF,ايرانی,سراميک,1,0,1,1,0,0,0,1,10264195
3,87,2,1,MDF,ايرانی,سراميک,1,0,1,0,0,0,1,0,10298289
4,116,2,1,MDF,ايراني فرنگي,سنگ,1,0,1,1,0,0,0,1,10333469
1,133,2,1,MDF,ايراني فرنگي,سراميک,1,0,1,0,0,0,1,0,10300147
3,270,4,1,چوبي فلزي,ايراني فرنگي,سنگ,0,0,0,0,0,0,0,1,10256307
2,125,2,1,MDF,ايراني فرنگي,سراميک,1,0,1,0,0,0,0,1,10247003
كلی,476,12,4,MDF,ايراني فرنگي,سنگ,1,0,1,1,0,0,1,0,10349340
4,120,3,1,MDF,ايرانی,سنگ,1,0,1,1,0,0,1,0,10351974
1,95,2,1,هایگلاس,ايراني فرنگي,سراميک,1,0,1,1,0,0,0,1,10449459
2,54,2,1,MDF,ايرانی,سراميک,1,0,1,1,0,0,1,0,10334992
3,73,2,1,MDF,ايراني فرنگي,سراميک,1,0,1,0,0,0,0,1,10245893
3,70,2,1,هایگلاس,ايرانی,سراميک,1,0,1,0,0,0,1,0,10241813
1,70,2,1,MDF,ايرانی,سراميک,1,0,0,1,0,0,0,1,10242748
2,138,3,1,MDF,ايراني فرنگي,سراميک,1,0,1,1,0,0,0,1,10449460
4,72,1,1,MDF,ايراني فرنگي,پارکت,1,0,1,0,0,0,0,0,10353374
3,66,1,1,MDF,ايرانی,سنگ,1,0,1,1,0,0,0,1,10348405
4,68,2,1,MDF,ايرانی,سراميک,1,0,1,1,0,0,0,1,10124558
1,97,2,1,MDF,ايراني فرنگي,سنگ,1,0,1,1,0,0,1,0,2567353
5,140,4,0,MDF,ايراني فرنگي,سنگ,1,0,1,1,0,0,0,1,10271202
3,82,2,1,MDF,ايراني فرنگي,سراميک,1,0,1,0,0,0,0,1,10151457
2,62,1,1,آبدارخانه,ايرانی,سراميک,0,0,0,0,0,0,0,1,10151451
1,140,3,1,MDF,ايراني فرنگي,سراميک,1,0,1,1,0,0,0,1,10449464
4,210,3,1,MDF,ايراني فرنگي,سنگ,1,0,0,0,0,0,1,0,10264422
3,196,2,1,MDF,ايراني فرنگي,سراميک,1,0,1,1,0,0,0,1,10177990
1,108,2,1,MDF,ايراني فرنگي,سراميک,0,0,1,1,0,0,1,0,10348755
3,67,2,0,MDF,ايراني فرنگي,سراميک,0,0,1,1,0,0,1,0,10349368
4,73,2,1,MDF,ايرانی,سراميک,0,0,0,1,0,0,1,0,10252579
1,278,4,1,فرنيش,ايراني فرنگي,سنگ,1,0,1,1,0,0,1,1,10298849
4,165,3,1,MDF,ايراني فرنگي,سنگ,1,0,1,1,0,0,0,1,10240825
4,55,2,1,MDF,ايراني فرنگي,سراميک,1,0,0,0,0,0,0,0,10351386
2,70,2,1,MDF,ايرانی,پارکت,1,0,0,1,0,0,0,1,10351455
1,110,3,1,MDF,ايرانی,سراميک,1,0,1,1,0,0,0,1,10351459
2,117,3,0,MDF,ايراني فرنگي,سراميک,1,0,1,1,0,0,1,0,3601711
3,85,2,1,MDF,ايراني فرنگي,سراميک,1,0,0,1,0,0,0,1,10300029
4,100,2,2,MDF,ايراني فرنگي,سراميک,1,0,1,1,0,1,0,0,10351619
4,90,2,1,MDF,ايرانی,سراميک,1,0,1,0,0,0,0,1,10253677
1,78,2,1,MDF,ايرانی,سراميک,1,0,1,1,0,0,0,1,3909525
1,139,3,1,MDF,ايراني فرنگي,سنگ,0,0,0,0,0,0,0,0,10241344
2,78,2,1,هایگلاس,فرنگی,پارکت,1,0,0,1,0,0,0,0,10351333
5,63,1,1,MDF,ايرانی,سراميک,1,0,1,0,0,0,1,0,3528793
3,110,2,1,MDF,ايراني فرنگي,سراميک,1,0,1,1,0,0,0,1,10254836
1,190,3,1,MDF,ايراني فرنگي,پارکت سنگ,1,0,1,0,0,0,1,0,3337897
2,118,3,1,MDF,ايراني فرنگي,نا مشخص,1,0,0,0,0,0,0,0,10272460
1,107,2,1,چوبي,ايراني فرنگي,لامنيت,1,0,1,1,1,0,0,1,10335780
1,220,3,0,MDF,فرنگی,پارکت,1,0,1,1,0,0,1,0,3280473
3,103,2,1,چوبي,ايراني فرنگي,سراميک,0,0,0,1,0,0,1,0,10268387
3,70,2,1,چوبي,ايراني فرنگي,سراميک,1,0,0,1,0,0,1,0,10268389
3,100,2,1,MDF,ايراني فرنگي,سراميک,1,0,1,0,0,0,0,1,3906395
4,104,2,1,MDF,ايرانی,سراميک,1,0,1,0,0,0,1,0,3445058
4,91,2,1,MDF,ايراني فرنگي,پارکت,1,0,1,1,0,0,1,0,3444948
4,125,3,1,هایگلاس,ايراني فرنگي,سنگ,1,0,1,1,0,0,1,0,3786618
4,92,2,1,MDF,ايراني فرنگي,سراميک,1,0,1,1,0,0,0,1,3906396
همكف,81,2,1,MDF,ايراني فرنگي,سراميک,1,0,1,1,0,0,0,1,10269795
3,63,1,1,فلزي,ايرانی,سراميک,0,0,1,0,0,0,1,0,10322247
1,94,2,1,MDF,ايراني فرنگي,پارکت,1,0,1,0,0,0,1,0,10205316
5,96,2,1,MDF,ايراني فرنگي,سراميک,1,0,1,1,0,0,0,1,10272878
1,123,2,1,MDF,ايراني فرنگي,سنگ,1,0,1,1,0,0,1,0,3101046
2,113,2,1,MDF,ايراني فرنگي,سنگ,0,0,0,0,0,0,0,0,10301565
1,116,2,1,هایگلاس,ايراني فرنگي,سنگ,1,0,1,1,0,0,0,1,10204647
1,56,1,1,MDF,فرنگی,پارکت,1,0,0,0,0,0,0,1,10299666
2,95,2,0,هایگلاس,ايراني فرنگي,سنگ,1,0,0,1,1,1,0,0,10299907
3,87,3,0,MDF,ايراني فرنگي,سنگ,1,0,1,1,1,1,0,0,10299906
4,55,1,1,MDF,ايرانی,پارکت,0,0,0,0,0,0,0,0,10272246
4,60,2,1,هایگلاس,ايرانی,سنگ,1,0,1,0,0,0,1,0,10249412
4,70,2,1,MDF,ايرانی,سنگ,0,0,0,0,0,0,0,0,10349049
1,64,1,1,MDF,ايرانی,سراميک,1,0,1,0,1,0,0,1,10297490
4,54,1,1,MDF,ايرانی,پارکت,1,0,1,0,0,0,0,1,10297495
2,78,2,1,MDF,ايرانی,سنگ,1,0,1,1,1,0,0,0,10349031
2,141,3,1,MDF,ايراني فرنگي,سنگ,1,0,1,1,0,0,0,1,10263858
