طبقه,زیربنا,خواب,تلفن,آشپزخانه,سرویس,کفپوش,OPEN,پارکینگ,انباری,بالکن,غربی,شرقی,شمالی,جنوبی,code
2,117,2,1,MDF,ايراني فرنگي,سنگ,1,0,1,1,0,0,0,1,10146047
4,58,1,1,MDF,ايرانی,سنگ,1,0,1,1,0,0,0,1,10300650
1,168,3,1,MDF,ايراني فرنگي,سنگ,1,0,1,0,0,0,1,0,10355076
2,50,1,1,MDF,ايرانی,سراميک,0,0,1,0,0,0,0,1,10300022
2,54,1,1,MDF,ايرانی,سراميک,1,0,1,0,0,0,1,0,10300059
1,52,1,1,هایگلاس,ايراني فرنگي,سراميک,1,0,1,0,0,0,0,1,10298818
2,88,2,1,MDF,ايراني فرنگي,لامنيت,1,0,1,1,0,0,0,0,10265914
3,103,2,1,MDF,ايراني فرنگي,سراميک,1,0,1,0,1,0,0,0,10300097
4,140,3,1,چوبي,ايرانی,سنگ,1,0,1,1,0,0,0,1,10076479
4,55,1,1,MDF,فرنگی,سراميک,1,0,1,1,0,0,0,0,10300082
6,122,3,1,MDF,ايراني فرنگي,سراميک,1,0,1,1,0,0,0,1,10300085
4,108,3,1,MDF,ايراني فرنگي,سراميک,1,0,1,0,0,0,1,1,10149874
1,240,4,1,MDF,ايراني فرنگي,سنگ,1,0,1,1,0,0,0,1,10297616
5,115,3,1,MDF,ايراني فرنگي,سراميک,1,0,1,1,1,0,0,0,10180408
4,86,2,1,چوبي,ايراني فرنگي,سراميک,1,0,1,1,0,0,1,0,10355079
5,186,3,1,MDF,ايراني فرنگي,سراميک,1,0,1,1,0,0,1,0,10262581
3,55,1,1,MDF,ايراني فرنگي,سنگ,1,0,1,0,0,0,1,0,10355081
3,54,1,1,MDF,ايرانی,سراميک,0,0,0,0,0,0,0,1,10355082
5,90,2,1,MDF,ايراني فرنگي,سراميک,1,0,1,1,0,0,0,1,10355084
4,68,1,1,MDF,ايراني فرنگي,لامنيت,1,0,1,1,1,1,0,0,10128347
3,77,2,1,MDF,ايراني فرنگي,سراميک,1,0,0,0,0,0,1,0,10355086
همكف,75,2,1,دلخواه,ايراني فرنگي,سنگ,1,0,1,1,0,0,0,0,10265911
4,57,1,1,MDF,ايرانی,سنگ,1,0,0,1,0,0,1,0,10355088
2,57,1,1,MDF,ايرانی,سنگ,1,0,1,0,0,0,1,1,10297766
2,83,2,1,MDF,ايراني فرنگي,سراميک,1,0,1,0,0,0,1,0,10355089
4,76,2,1,MDF,ايرانی,سراميک,1,0,1,1,0,0,0,1,10355090
3,110,2,1,MDF,ايراني فرنگي,سراميک,1,0,0,1,0,0,0,1,10355091
1,61,1,1,MDF,ايراني فرنگي,سراميک,1,0,0,0,0,0,1,0,10355092
9,110,2,1,MDF,ايراني فرنگي,سراميک,1,0,1,1,0,0,0,1,10355093
4,65,2,1,MDF,ايرانی,سنگ,1,0,1,0,0,0,1,0,10355094
3,62,1,1,هایگلاس,ايراني فرنگي,سنگ,1,0,0,0,0,0,0,1,10202173
4,115,2,1,MDF,ايراني فرنگي,سنگ,1,0,1,1,0,0,1,0,10332302
17,126,2,1,MDF,ايراني فرنگي,سراميک,1,0,1,0,0,0,1,0,10296750
2,107,2,1,MDF,ايراني فرنگي,سراميک,1,0,0,0,0,0,1,1,10264167
1,70,2,1,MDF,ايراني فرنگي,سراميک,1,0,1,1,0,0,0,1,10355098
4,116,2,1,MDF,ايراني فرنگي,سراميک,1,0,1,1,0,0,0,1,10250741
همكف,95,2,1,MDF,ايرانی,سراميک,1,0,0,1,0,0,1,0,10355099
2,47,1,1,MDF,ايرانی,سراميک,0,0,0,0,0,0,0,0,10300457
1,106,2,1,MDF,ايراني فرنگي,سراميک,1,0,1,1,0,0,0,1,10300466
2,77,1,1,MDF,ايرانی,سراميک,1,0,1,0,0,0,0,1,10322441
1,93,2,1,MDF,ايرانی,سنگ,1,0,0,0,0,0,0,1,10355102
1,100,2,1,MDF,ايراني فرنگي,سنگ,1,0,1,1,1,0,0,0,10301975
1,170,3,1,MDF,ايراني فرنگي,سراميک,0,0,0,0,0,0,0,0,10257866
2,140,2,1,MDF,ايراني فرنگي,سراميک,1,0,0,0,0,0,0,1,10355103
1,150,3,1,MDF,ايراني فرنگي,سراميک,1,0,0,0,0,0,1,0,10297278
همكف,50,2,1,MDF,ايرانی,سراميک,1,0,1,0,0,0,1,0,10355104
1,72,2,1,MDF,ايرانی,سنگ,1,0,1,1,0,0,0,1,10355105
3,43,1,1,MDF,ايرانی,پارکت,0,0,1,0,0,0,0,0,10300128
4,56,1,1,MDF,ايراني فرنگي,سراميک,1,0,1,0,0,0,0,1,10300122
همكف,80,2,1,MDF,ايراني فرنگي,پارکت,1,0,1,0,0,0,1,0,10301226
2,80,2,1,هایگلاس,ايراني فرنگي,لامنيت,0,0,0,0,0,0,0,0,10301504
5,53,2,1,MDF,ايرانی,سراميک,1,0,0,0,0,0,0,1,10355108
2,78,1,1,MDF,ايراني فرنگي,سنگ,1,0,1,1,1,0,1,0,10218042
4,85,2,1,MDF,ايرانی,سراميک,1,0,0,1,0,0,0,1,10301238
همكف,42,1,1,MDF,ايرانی,سراميک,1,0,1,0,0,0,0,0,10355111
1,144,3,1,MDF,ايراني فرنگي,سراميک,1,0,1,1,0,0,1,1,10296979
1,55,1,0,MDF,ايراني فرنگي,سنگ,1,0,1,0,0,0,1,0,10149187
1,132,3,1,MDF,ايراني فرنگي,سنگ,1,0,1,1,0,0,0,0,10182748
2,135,2,1,فرنيش,ايراني فرنگي,سراميک,1,0,1,0,0,0,0,0,2673103
1,139,2,1,MDF,ايراني فرنگي,سراميک,1,0,1,1,0,0,1,0,10246197
2,77,2,1,MDF,ايراني فرنگي,سنگ,0,0,0,0,0,0,0,0,10254678
2,132,3,1,MDF,ايراني فرنگي,سنگ,1,0,1,1,0,0,0,0,10355113
5,88,2,1,MDF,ايراني فرنگي,پارکت,1,0,1,0,0,0,1,0,10267089
2,155,3,1,MDF,ايراني فرنگي,سراميک,1,0,1,1,0,0,0,0,10296713
3,148,3,1,MDF,ايراني فرنگي,سراميک,0,0,0,0,0,0,0,0,10355114
1,201,3,1,MDF,ايراني فرنگي,سنگ,1,0,1,1,0,0,0,1,10297633
1,94,2,1,MDF,ايراني فرنگي,سراميک,1,0,1,0,0,0,1,0,10322246
2,132,3,1,هایگلاس,ايراني فرنگي,سراميک,1,0,1,1,0,0,1,0,10262943
1,245,4,1,چوبي فلزي,ايراني فرنگي,موکت پارکت,1,0,1,0,0,0,1,1,10334609
3,180,4,1,MDF,ايراني فرنگي,سنگ,1,0,1,0,0,0,1,0,10262942
2,140,3,1,MDF,ايراني فرنگي,سنگ,1,0,1,1,0,0,0,1,10335350
1,74,2,1,MDF,ايراني فرنگي,سراميک,1,0,1,0,0,0,0,1,10355116
4,101,2,1,MDF,ايراني فرنگي,سراميک,1,0,1,1,0,0,0,1,10355118
5,137,3,1,هایگلاس,ايراني فرنگي,سراميک,1,0,1,1,0,0,0,1,10355121
همكف,74,2,1,فلزي,فرنگی,موزائيک,0,0,1,1,0,0,0,1,10355123
4,48,1,1,MDF,ايرانی,سراميک,1,0,0,0,0,0,0,1,10355124
1,100,2,1,MDF,ايراني فرنگي,پارکت,1,0,0,1,0,0,0,1,10300308
1,64,1,1,MDF,ايراني فرنگي,سراميک,1,0,1,1,0,0,1,1,10297763
3,133,3,1,MDF,ايراني فرنگي,سنگ,1,0,1,0,0,0,0,1,10322340
5,150,3,1,MDF,ايراني فرنگي,سراميک,1,0,1,1,0,0,1,0,10217909
3,73,2,1,MDF,ايراني فرنگي,سنگ,1,0,1,1,0,0,0,0,10355126
همكف,75,2,1,MDF,ايرانی,سراميک,1,0,0,1,0,0,1,0,10268578
3,30,1,1,MDF,ايرانی,سراميک,1,0,0,0,0,0,1,0,10270937
4,67,2,1,MDF,ايرانی,سراميک,0,0,0,0,0,0,0,0,10300929
6,243,4,1,MDF,ايراني فرنگي,سراميک,1,0,1,1,0,0,1,0,10355129
4,42,1,1,MDF,ايرانی,پارکت,1,0,0,1,0,0,1,0,10296724
2,35,1,1,MDF,ايرانی,سراميک,1,0,1,0,0,0,1,0,3829188
2,42,1,1,MDF,ايرانی,سراميک,1,0,1,1,0,0,0,1,10300570
2,76,2,1,MDF,ايراني فرنگي,پارکت,1,0,1,0,0,0,1,0,10355134
زیرهمكف,82,2,1,MDF,ايراني فرنگي,سراميک,1,0,1,0,0,0,1,0,10263339
3,180,3,1,MDF,ايراني فرنگي,پارکت,1,0,1,1,0,0,0,0,10263294
6,150,3,1,MDF,ايراني فرنگي,سراميک,1,0,1,0,0,0,0,1,10297744
3,52,1,1,MDF,ايرانی,سراميک,1,0,0,1,0,0,0,1,10300142
2,132,3,1,MDF,فرنگی,سراميک,1,0,1,1,0,0,0,1,10300575
3,82,1,2,فلزي,ايرانی,موکت,1,0,1,1,0,0,0,0,10334579
2,105,2,1,MDF,ايرانی,سراميک,1,0,1,0,1,0,0,0,10355135
3,117,3,1,MDF,ايراني فرنگي,سنگ,1,0,1,1,0,0,0,1,10355136
2,50,1,1,فلزي,ايرانی,موزائيک,0,0,1,1,0,0,1,1,3971703
1,61,1,1,MDF,ايراني فرنگي,سراميک,0,0,0,0,0,0,0,0,10355138
همكف,55,1,1,MDF,ايرانی,سراميک,1,0,1,1,0,0,1,0,10355139
3,96,2,1,MDF,فرنگی,پارکت,1,0,1,1,0,0,1,0,10177340
4,56,1,1,MDF,ايراني فرنگي,سراميک,1,0,1,0,0,0,1,0,10355142
1,113,2,1,فلزي,ايراني فرنگي,سراميک,1,0,1,0,0,0,0,1,10355146
2,54,2,1,MDF,ايرانی,سراميک,1,0,1,1,0,0,0,1,10355148
5,125,3,1,MDF,ايراني فرنگي,سراميک,0,0,0,0,0,0,0,0,10300847
2,144,2,1,فلزي,ايراني فرنگي,موزائيک,0,0,0,1,0,0,0,1,10250426
3,158,3,1,MDF,ايراني فرنگي,پارکت,1,0,1,1,0,0,1,1,10255255
2,114,2,1,هایگلاس,ايراني فرنگي,لامنيت,1,0,0,1,0,0,1,1,10355151
2,70,2,1,چوبي فلزي,ايرانی,سراميک,0,0,1,1,0,0,1,1,10271634
4,90,2,1,MDF,فرنگی,سراميک,1,0,1,1,0,0,0,1,10301227
3,90,2,1,هایگلاس,ايراني فرنگي,پارکت,1,0,1,1,0,0,0,1,10355153
2,90,2,1,MDF,ايراني فرنگي,سراميک,1,0,1,1,0,0,0,1,10355154
2,109,2,1,MDF,ايرانی,سراميک,1,0,1,1,0,0,1,0,10079732
3,96,2,1,MDF,ايراني فرنگي,سنگ,1,0,0,1,0,0,1,0,10091788
2,65,1,1,MDF,ايرانی,پارکت,1,0,1,0,0,0,1,0,10202475
3,62,1,1,MDF,ايراني فرنگي,سراميک,1,0,1,1,0,0,0,1,10218611
3,71,2,1,MDF,ايرانی,سراميک,1,0,1,0,0,0,0,1,10219777
1,160,3,1,MDF,ايرانی,سراميک,1,0,1,0,0,0,1,0,10182864
5,85,2,1,MDF,ايراني فرنگي,سراميک,1,0,1,1,0,0,1,0,10247531
همكف,55,2,2,MDF,ايرانی,موزائيک,0,0,0,0,1,0,0,0,10301690
3,138,3,1,MDF,ايراني فرنگي,سنگ,1,0,1,1,0,0,0,1,10253758
4,49,1,1,MDF,ايرانی,سراميک,1,0,1,1,0,0,1,1,10261704
2,115,3,1,هایگلاس,ايراني فرنگي,سنگ,1,0,1,0,0,0,0,1,10116466
4,57,1,1,MDF,ايراني فرنگي,سراميک,1,0,1,1,0,0,1,0,10297054
2,87,2,1,MDF,ايراني فرنگي,سراميک,1,0,0,0,0,0,1,0,10355159
3,62,1,1,MDF,ايرانی,سراميک,1,0,1,0,0,0,1,0,10301262
3,56,1,1,MDF,ايراني فرنگي,سنگ,1,0,1,0,0,0,1,0,10355160
3,55,1,1,MDF,ايرانی,سراميک,1,0,0,1,0,0,1,0,10200611
1,70,2,1,MDF,ايرانی,پارکت,1,0,0,0,0,0,1,0,10355162
3,118,3,1,MDF,ايراني فرنگي,سنگ,1,0,1,1,0,0,0,1,10266195
3,135,3,1,MDF,ايراني فرنگي,سنگ,1,0,1,1,0,0,0,1,10301936
2,91,2,1,MDF,ايراني فرنگي,سراميک,1,0,0,0,0,0,1,0,10355164
3,112,2,1,MDF,ايراني فرنگي,سراميک,1,0,1,1,0,0,0,1,10355166
2,85,2,1,MDF,ايراني فرنگي,پارکت,1,0,1,1,1,0,0,0,10355167
3,79,2,1,MDF,ايرانی,سراميک,1,0,1,0,0,0,1,0,10297826
1,69,2,1,MDF,ايرانی,سراميک,1,0,1,1,0,0,1,0,10176478
4,58,1,1,MDF,ايراني فرنگي,سراميک,1,0,1,1,0,0,1,0,10355169
3,175,3,1,MDF,ايراني فرنگي,سنگ,1,0,1,1,0,0,0,1,10126840
1,50,1,1,MDF,ايراني فرنگي,سنگ,1,0,1,1,0,1,0,0,10355170
1,66,2,1,MDF,ايرانی,سراميک,1,0,1,1,0,0,0,1,10355177
5,122,2,1,MDF,ايراني فرنگي,سنگ,1,0,1,1,0,0,1,0,10355179
5,128,2,1,MDF,ايراني فرنگي,سنگ,1,0,1,1,0,0,1,0,10355181
4,150,3,1,MDF,ايراني فرنگي,سنگ,1,0,1,1,0,0,0,1,10346758
1,82,2,1,چوبي,ايراني فرنگي,سراميک,0,0,0,0,0,0,0,0,10256400
3,295,4,1,MDF,ايرانی,سراميک,1,0,1,1,0,0,1,0,3855892
3,360,3,1,هایگلاس,ايراني فرنگي,سنگ,1,0,1,1,1,0,0,1,10299752
1,50,1,1,MDF,ايرانی,سراميک,1,0,0,1,0,0,0,1,10365048
2,86,2,1,MDF,فرنگی,سراميک,1,0,1,1,1,1,0,0,10353158
2,58,1,1,چوبي,ايراني فرنگي,سنگ,1,0,1,1,0,0,1,0,10301942
8,174,3,1,MDF,ايراني فرنگي,سنگ,1,0,1,1,0,0,1,1,10296757
6,116,2,1,MDF,ايراني فرنگي,سنگ,1,0,0,1,0,0,1,1,10355184
3,150,3,2,چوبي,ايراني فرنگي,پارکت,1,0,1,0,0,0,1,0,3096252
1,100,2,1,فلزي,ايرانی,موزائيک,0,0,0,1,0,0,0,1,10177684
1,92,2,1,هایگلاس,ايراني فرنگي,سراميک,1,0,1,1,0,0,1,1,3591408
4,98,2,1,فلزي,ايرانی,سراميک,1,0,1,1,0,0,1,0,10264503
6,116,2,1,MDF,ايراني فرنگي,سنگ,1,0,0,1,0,0,1,1,10365049
1,158,3,1,MDF,ايراني فرنگي,سنگ,1,0,1,1,0,0,1,0,10132660
1,107,2,1,MDF,ايراني فرنگي,سراميک,1,0,1,1,0,0,0,0,10332573
1,181,3,1,MDF,ايراني فرنگي,موکت,1,0,1,0,1,1,0,0,10365050
همكف,160,2,1,MDF,ايراني فرنگي,سنگ,1,0,1,0,0,0,1,0,10268247
همكف,85,2,1,MDF,ايراني فرنگي,پارکت,1,0,1,0,0,0,0,1,10302002
3,262,3,1,MDF,ايراني فرنگي,سراميک,1,0,1,1,0,0,0,1,10116140
2,94,2,1,دلخواه,ايراني فرنگي,سراميک,1,0,1,1,0,0,1,0,10251022
5,96,2,1,MDF,ايراني فرنگي,سراميک,1,0,0,1,0,0,0,1,10205472
3,150,3,1,چوبي,ايراني فرنگي,سنگ,1,0,1,1,0,0,0,1,10242747
1,112,2,0,MDF,ايراني فرنگي,سنگ,1,0,1,0,0,0,0,1,10298233
5,160,3,1,هایگلاس,ايراني فرنگي,سراميک,1,0,1,1,0,0,1,0,10332553
1,75,2,1,MDF,ايراني فرنگي,سراميک,1,0,1,1,0,0,0,1,10301648
18,107,2,1,MDF,ايراني فرنگي,سراميک,1,0,1,0,0,0,1,0,10365051
1,106,2,1,هایگلاس,ايراني فرنگي,سنگ,1,0,1,1,0,0,1,0,10126659
1,51,1,1,MDF,ايرانی,سراميک,1,0,0,0,0,0,1,0,10302077
2,140,3,1,MDF,ايراني فرنگي,سنگ,0,0,0,0,0,0,0,0,10365052
2,144,3,1,MDF,ايراني فرنگي,سراميک,0,0,0,0,0,0,0,0,10187255
1,76,2,1,MDF,ايراني فرنگي,سنگ,1,0,1,1,0,1,0,0,10243654
5,49,1,1,MDF,ايراني فرنگي,لامنيت,1,0,1,0,0,0,1,0,10365054
6,60,1,1,MDF,ايراني فرنگي,سراميک,1,0,0,0,0,0,1,0,10253963
5,103,1,1,MDF,ايراني فرنگي,سراميک,1,0,0,1,0,0,1,0,10300982
2,62,1,1,MDF,ايرانی,سراميک,1,0,1,1,0,0,0,0,10322357
5,197,2,1,MDF,ايراني فرنگي,سنگ,1,0,1,1,0,0,0,1,10266233
1,80,2,1,MDF,ايراني فرنگي,سراميک,1,0,1,1,0,0,1,0,10365056
3,82,2,1,MDF,ايرانی,سراميک,1,0,1,1,0,0,0,1,10365058
1,50,1,1,MDF,ايرانی,سراميک,1,0,1,1,0,0,0,1,10365059
2,137,3,1,چوبي,ايراني فرنگي,سنگ,1,0,1,1,0,0,1,0,10332879
همكف,67,1,1,فلزي,ايرانی,سراميک,1,0,0,1,0,0,1,0,3562588
1,81,2,1,MDF,ايراني فرنگي,سنگ,1,0,1,1,0,0,1,0,10365062
3 و 2,110,2,1,فلزي,ايرانی,سراميک,1,0,0,1,0,0,1,0,10301791
3,186,3,1,MDF,ايراني فرنگي,سراميک,1,0,1,1,1,1,0,0,10092344
2,176,3,1,MDF,ايراني فرنگي,سراميک,1,0,1,1,0,0,1,0,10267842
3,209,3,1,چوبي,ايراني فرنگي,سراميک,1,0,1,1,0,1,1,0,10263645
4,167,3,1,MDF,فرنگی,سراميک,1,0,1,0,0,0,1,0,10332397
2,107,2,1,MDF,ايراني فرنگي,سراميک,1,0,1,1,0,0,0,1,10332887
1,104,2,1,MDF,ايراني فرنگي,پارکت,1,0,1,1,0,0,1,1,10301606
7,158,2,1,MDF,ايراني فرنگي,سنگ,1,0,1,1,1,0,0,0,10332891
5,58,1,1,MDF,ايراني فرنگي,سراميک,1,0,1,0,0,0,1,0,10365064
2,60,1,2,MDF,ايراني فرنگي,سراميک,1,0,1,1,0,0,1,1,10219951
4,102,2,2,MDF,ايرانی,سراميک,1,0,1,1,0,0,1,0,10332696
3,320,4,4,MDF,ايراني فرنگي,سنگ,1,0,1,1,1,0,1,0,10151216
4,150,3,1,MDF,ايراني فرنگي,سنگ,1,0,1,0,0,0,1,0,10322195
3,87,2,1,MDF,ايراني فرنگي,سراميک,1,0,1,1,0,0,0,0,10365067
4,55,2,1,MDF,ايراني فرنگي,سراميک,1,0,1,1,0,0,0,1,10165003
2,150,3,1,MDF,ايراني فرنگي,سنگ,0,0,0,0,0,0,0,0,2669859
2,97,2,1,MDF,ايرانی,سراميک,1,0,1,1,0,0,1,0,3878846
3,44,1,1,MDF,ايرانی,سراميک,1,0,1,0,0,0,1,0,10365068
4,172,3,1,MDF,ايراني فرنگي,سنگ,1,0,1,1,0,0,1,0,3948891
4,88,2,1,MDF,ايراني فرنگي,پارکت,1,0,1,1,0,0,1,0,10322187
6,109,2,0,MDF,ايراني فرنگي,سنگ,1,0,1,1,0,0,1,0,10301680
1,90,2,1,MDF,ايرانی,سراميک,1,0,0,1,0,0,0,1,10242310
3,52,1,1,MDF,ايرانی,سراميک,1,0,1,0,0,0,0,0,10263781
1,40,1,1,فلزي,ايرانی,سراميک,0,0,0,0,0,0,1,0,10268374
14,100,2,1,MDF,ايراني فرنگي,سراميک,1,0,1,1,0,0,0,1,10266191
23,334,4,1,هایگلاس,ايرانی,سراميک,1,0,1,1,0,0,0,1,10164960
مختلف,185,3,1,هایگلاس,ايراني فرنگي,سنگ,0,0,1,1,0,0,0,1,10200149
4,56,1,1,MDF,ايرانی,سراميک,1,0,1,0,0,0,0,1,10301647
9,726,5,1,هایگلاس,ايراني فرنگي,سراميک,1,0,1,1,0,0,0,1,10164961
4,95,2,1,فلزي,ايراني فرنگي,موکت,0,0,1,1,0,0,1,0,10124159
3,100,2,1,MDF,ايراني فرنگي,سنگ,1,0,1,1,0,0,1,0,10335316
همكف,55,1,1,MDF,ايرانی,سراميک,0,0,1,0,0,0,1,0,10365072
3,62,1,1,MDF,ايرانی,سنگ,1,0,1,1,0,0,0,0,10301609
2,95,2,1,MDF,ايراني فرنگي,سراميک,1,0,0,1,0,0,1,0,10365074
3,117,2,1,MDF,ايرانی,سراميک,1,0,1,1,0,0,1,1,10115399
زیرهمكف,143,3,1,MDF,فرنگی,لامنيت,1,0,1,0,0,0,1,0,10365075
3,112,2,1,چوبي,ايرانی,پارکت,1,0,1,0,0,0,1,0,10322277
2,175,3,1,MDF,فرنگی,سنگ,1,0,1,1,0,0,0,1,10332415
3,105,1,1,MDF,ايراني فرنگي,سراميک,1,0,0,1,0,0,0,1,10335599
3,80,2,1,MDF,ايراني فرنگي,سنگ,1,0,1,0,0,0,0,1,10332251
3,54,1,1,MDF,ايرانی,سراميک,1,0,1,1,0,0,0,0,10201015
5,148,3,1,MDF,ايراني فرنگي,سنگ,1,0,1,1,0,0,0,1,10365080
4,116,2,1,MDF,ايراني فرنگي,پارکت,1,0,1,0,0,0,0,1,10201438
5,165,3,1,MDF,ايراني فرنگي,سنگ,1,0,1,1,0,0,0,0,10206358
3,107,2,1,MDF,ايراني فرنگي,سراميک,1,0,1,1,0,0,1,0,10251148
همكف,123,2,1,MDF,ايراني فرنگي,پارکت,1,0,1,1,0,0,1,1,10298597
همكف,70,2,1,MDF,ايرانی,سراميک,1,0,0,1,0,0,1,0,10252576
3,90,2,1,فلزي,ايراني فرنگي,پارکت,0,0,1,0,0,0,1,0,10263442
4,176,4,1,MDF,ايراني فرنگي,پارکت,1,0,1,1,0,0,0,1,10199047
1,128,2,1,MDF,ايراني فرنگي,سراميک,1,0,1,1,0,0,1,1,10253656
2,66,1,1,MDF,ايرانی,سراميک,1,0,0,0,0,0,1,0,10301659
1,100,2,1,MDF,ايراني فرنگي,سراميک,1,0,1,1,0,0,1,0,10301412
1,62,2,1,MDF,ايراني فرنگي,سراميک,0,0,0,0,0,0,0,0,10365081
4,101,2,1,MDF,ايراني فرنگي,سراميک,1,0,0,1,0,0,1,0,10298262
3,130,3,1,MDF,ايراني فرنگي,سراميک,1,0,1,1,0,0,1,0,10300961
10,188,4,1,چوبي,فرنگی,موکت,1,0,0,1,0,0,0,1,3973050
5,83,2,1,MDF,ايراني فرنگي,سنگ,1,0,1,0,0,0,0,1,10251433
1,91,2,1,MDF,ايراني فرنگي,سراميک,1,0,1,0,0,0,0,1,10262632
3,83,2,1,MDF,ايراني فرنگي,سنگ,1,0,1,0,0,0,0,1,10249667
4,81,2,1,MDF,ايراني فرنگي,سنگ,1,0,1,0,0,0,1,0,10365083
همكف,90,2,1,MDF,ايراني فرنگي,سنگ,1,0,1,0,0,0,1,0,10299520
1,113,2,2,MDF,ايرانی,سراميک,1,0,1,0,0,0,0,1,3560402
3,85,2,1,MDF,ايرانی,سراميک,1,0,1,0,0,0,1,0,10265873
2,44,1,1,فلزي,ايراني فرنگي,سراميک,1,0,1,1,0,0,0,1,10300871
1,104,2,1,MDF,ايراني فرنگي,سنگ,1,0,1,0,0,0,0,1,10297231
1,91,2,1,MDF,ايرانی,سراميک,1,0,1,0,0,0,1,0,10301601
3,168,3,1,MDF,ايراني فرنگي,سنگ,1,0,1,0,0,0,1,0,10302075
3,137,3,1,هایگلاس,ايراني فرنگي,پارکت,1,0,1,1,0,0,1,0,10365085
4,53,1,1,MDF,ايرانی,سراميک,1,0,1,0,0,0,0,1,10300890
2,88,2,1,MDF,ايرانی,سنگ,1,0,1,0,0,0,1,0,10243332
همكف,55,1,1,MDF,ايرانی,سراميک,1,0,0,0,0,0,1,0,10365089
1,50,1,1,هایگلاس,فرنگی,سنگ,1,0,1,0,0,0,1,0,10332284
3,110,2,1,MDF,ايراني فرنگي,سراميک,1,0,1,1,0,0,1,0,10334983
1,70,2,1,MDF,ايرانی,لامنيت,1,0,1,0,0,0,1,0,3819317
3,120,2,0,MDF,ايراني فرنگي,سنگ,1,0,1,1,0,0,0,0,10365092
5,200,3,1,هایگلاس,ايراني فرنگي,سنگ,1,0,1,1,0,0,1,0,10365093
همكف,100,1,1,فلزي,ايرانی,موزائيک,1,0,0,0,0,0,1,0,10365094
3,60,1,1,هایگلاس,ايرانی,لامنيت,1,0,1,1,0,1,0,0,10365095
1,118,2,1,دلخواه,ايراني فرنگي,سراميک,1,0,1,0,1,0,1,0,10365096
5,55,1,1,MDF,ايراني فرنگي,سراميک,1,0,1,1,0,0,0,0,10365098
4,66,2,1,MDF,ايراني فرنگي,پارکت,1,0,1,0,0,0,0,1,3443720
3,48,1,1,MDF,ايرانی,سراميک,1,0,0,0,0,0,1,0,10365099
1,71,1,1,MDF,ايرانی,سراميک,1,0,1,1,0,0,0,1,3835067
4,40,1,1,MDF,ايرانی,سراميک,1,0,0,1,0,0,0,1,10365100
1,105,3,1,MDF,ايراني فرنگي,نا مشخص,1,0,1,1,0,1,0,0,10365102
1,47,1,1,MDF,ايرانی,سراميک,1,0,1,1,0,0,0,0,10365103
4,61,2,1,MDF,ايراني فرنگي,سراميک,1,0,1,1,0,0,0,1,10365104
5,102,2,1,MDF,ايراني فرنگي,سراميک,1,0,1,0,0,0,1,0,10266870
3,31,1,1,MDF,ايرانی,سراميک,1,0,1,0,0,0,1,0,10300917
1,76,2,1,MDF,ايراني فرنگي,سراميک,1,0,1,1,0,0,1,0,10365106
4,67,2,1,MDF,ايرانی,سنگ,1,0,1,0,0,0,0,1,10300928
4,93,2,1,MDF,ايرانی,سراميک,1,0,0,1,0,0,0,0,10365107
3,136,3,1,هایگلاس,ايراني فرنگي,سراميک,0,0,0,0,0,0,1,0,10301000
4,78,2,1,MDF,ايرانی,سراميک,1,0,1,1,0,0,0,1,10365109
5,144,3,1,MDF,ايراني فرنگي,سراميک,1,0,1,0,0,0,1,0,10301915
مختلف,93,2,1,MDF,ايراني فرنگي,سراميک,1,0,1,0,0,0,0,1,10365110
1,61,1,1,MDF,ايراني فرنگي,سنگ,1,0,1,0,0,0,0,0,10365111
2,50,1,1,MDF,ايرانی,سراميک,1,0,1,0,0,0,0,0,10365112
5,83,2,1,MDF,ايرانی,سراميک,1,0,1,1,0,0,0,1,10301389
3,104,2,1,MDF,ايراني فرنگي,سراميک,1,0,1,1,0,0,1,0,3667066
3,120,2,1,MDF,ايرانی,سراميک,1,0,1,0,0,0,0,1,10365118
1,278,4,1,MDF,ايراني فرنگي,سنگ,1,0,1,1,0,0,0,1,10365124
2,287,4,1,آلماني,ايراني فرنگي,سنگ,1,0,1,1,0,0,0,1,10252802
4,60,2,1,MDF,ايرانی,سراميک,1,0,1,0,0,0,1,0,10365127
4,50,1,0,MDF,ايرانی,سراميک,1,0,1,0,0,1,0,0,10365137
كلی,88,2,0,MDF,ايرانی,سراميک,1,0,1,1,0,0,1,0,10365141
4,82,2,1,MDF,ايراني فرنگي,سنگ,1,0,0,1,0,0,0,1,10301653
2,130,2,1,MDF,ايراني فرنگي,سراميک,1,0,1,1,0,0,1,1,10133896
4,100,2,1,فلزي,ايرانی,سراميک,1,0,1,0,0,0,1,0,2672102
3,70,2,1,MDF,ايرانی,پارکت,1,0,1,1,0,0,1,0,10365161
4,92,2,1,MDF,ايرانی,سراميک,1,0,1,1,0,0,0,1,10301921
4,80,2,1,MDF,ايرانی,سراميک,1,0,1,0,0,0,0,1,3921033
همكف,62,1,1,هایگلاس,ايراني فرنگي,سراميک,1,0,1,0,0,0,0,1,10065155
4,98,2,1,دلخواه,ايراني فرنگي,سراميک,1,0,0,1,0,0,1,0,10121153
1,105,2,1,MDF,ايرانی,سراميک,1,0,0,1,0,0,0,1,3835813
1,67,1,1,MDF,ايراني فرنگي,سنگ,1,0,1,1,0,0,0,1,10002777
6,68,2,,MDF,ايراني فرنگي,سراميک,1,0,1,1,0,0,1,0,10365170
1,52,1,1,MDF,ايرانی,سراميک,1,0,1,1,0,0,0,1,10204580
2,64,1,1,MDF,ايراني فرنگي,سراميک,1,0,0,1,0,0,1,0,10347484
2,88,2,1,MDF,ايراني فرنگي,سنگ,1,0,1,1,0,0,1,0,10147990
7,101,2,1,MDF,ايراني فرنگي,سنگ,1,0,1,1,0,0,1,0,10332276
4,58,2,1,MDF,ايرانی,سراميک,1,0,1,0,0,0,1,0,10255401
5,118,3,1,MDF,ايرانی,سراميک,1,0,0,1,0,0,0,0,10365171
همكف,100,3,1,MDF,ايرانی,پارکت,1,0,1,0,0,0,0,1,10365172
2 واحد,215,2,1,MDF,ايرانی,سراميک,0,0,1,0,0,0,1,0,10126605
3,96,2,1,MDF,ايراني فرنگي,سراميک,1,0,1,1,0,0,1,0,10298276
4,92,2,1,MDF,ايراني فرنگي,سنگ,1,0,1,1,0,0,1,1,10365175
3,68,2,1,MDF,ايرانی,سراميک,1,0,1,1,0,0,0,1,10301928
2,120,2,1,MDF,ايراني فرنگي,سنگ,1,0,1,1,0,0,0,1,10365176
1,125,3,1,MDF,ايراني فرنگي,سنگ,1,0,1,1,0,0,0,1,10301931
4,76,2,1,MDF,ايرانی,سراميک,1,0,1,1,0,0,1,1,10301933
3,49,1,1,فلزي,ايرانی,سراميک,1,0,1,0,0,0,1,0,10335233
2,135,2,1,MDF,ايرانی,سنگ,1,0,1,1,0,0,1,0,10242994
5,105,2,1,MDF,ايرانی,سراميک,1,0,1,1,0,0,1,0,10259119
3,186,3,1,MDF,ايراني فرنگي,سراميک,1,0,1,1,0,0,1,1,10123386
2,130,2,0,MDF,ايراني فرنگي,سراميک,0,0,1,1,0,0,1,0,10178606
2,86,2,1,MDF,ايراني فرنگي,سنگ,1,0,1,1,0,0,0,1,10251759
1,60,1,1,MDF,فرنگی,پارکت,1,0,1,0,0,0,0,1,10332681
4,125,2,1,MDF,ايراني فرنگي,سنگ,1,0,1,0,0,0,0,0,10365191
2,50,1,1,MDF,ايرانی,سراميک,1,0,1,1,0,0,0,1,10349917
همكف,113,2,1,MDF,ايراني فرنگي,سراميک,1,0,0,1,0,0,1,0,10145687
3,130,2,1,MDF,ايراني فرنگي,سراميک,1,0,1,1,0,0,1,1,10245451
4,215,4,1,MDF,ايراني فرنگي,سراميک,1,0,1,1,0,0,0,1,10375049
2,154,3,1,MDF,ايراني فرنگي,سراميک,1,0,1,1,0,0,1,0,10375050
7,87,2,,چوبي,ايراني فرنگي,پارکت,1,0,1,1,0,0,1,0,10375055
4,70,2,1,MDF,نامشخص,سراميک,1,0,1,1,0,0,0,1,10375057
2,133,2,1,MDF,ايراني فرنگي,سنگ,1,0,1,1,0,0,1,0,3890100
3,75,2,1,MDF,ايراني فرنگي,سراميک,1,0,1,1,0,0,1,0,10375059
2,102,2,1,MDF,ايراني فرنگي,سنگ,1,0,1,1,0,0,0,1,10375060
4,95,2,1,MDF,ايراني فرنگي,سنگ,1,0,1,1,0,0,1,0,10375061
1,55,1,1,MDF,ايرانی,سراميک,1,0,0,1,0,0,0,1,10251113
4,93,2,1,MDF,ايراني فرنگي,پارکت سراميک,1,0,1,1,0,0,0,1,10375062
3,112,2,1,MDF,ايراني فرنگي,سراميک,1,0,1,1,0,0,1,0,10248421
1,250,3,1,MDF,ايراني فرنگي,سنگ,1,0,1,0,0,0,1,0,10267133
3,68,2,1,MDF,ايراني فرنگي,پارکت,1,0,1,1,0,0,0,1,10199405
3,63,2,1,MDF,ايرانی,سراميک,1,0,1,0,0,0,1,0,10385048
2,150,3,1,هایگلاس,ايراني فرنگي,سراميک,1,0,1,1,0,0,0,1,10007821
1,56,1,1,MDF,فرنگی,سراميک,1,0,1,0,0,0,1,0,10348040
3,132,2,1,MDF,ايراني فرنگي,سراميک,1,0,1,1,0,0,1,0,10352793
2,43,1,0,MDF,ايرانی,سراميک,1,0,1,0,0,0,0,0,10354995
3,89,2,1,MDF,ايراني فرنگي,سراميک,1,0,1,1,0,0,0,1,10385057
1,90,2,1,MDF,ايراني فرنگي,سراميک,1,0,1,1,0,0,0,1,10203025
4,98,2,1,MDF,ايراني فرنگي,سراميک,1,0,1,1,0,0,0,1,10203024
1,172,3,1,MDF,ايراني فرنگي,پارکت,1,0,1,1,0,0,0,1,10219991
2,53,1,1,MDF,ايرانی,سنگ,1,0,0,0,0,0,1,0,10349120
4,87,2,1,MDF,ايراني فرنگي,سراميک,1,0,1,0,0,0,0,1,10297795
1,60,1,1,MDF,ايراني فرنگي,سراميک,1,0,0,1,0,0,0,1,10385067
5,71,1,1,MDF,ايراني فرنگي,سراميک,1,0,1,0,0,0,1,0,10385068
3,50,1,1,MDF,فرنگی,سراميک,0,0,0,0,0,0,0,0,10301030
2,112,2,1,MDF,ايراني فرنگي,سراميک,1,0,1,1,0,0,1,0,10385073
1,66,1,1,هایگلاس,ايراني فرنگي,سراميک,1,0,1,1,0,0,1,0,3989731
2,68,2,1,هایگلاس,ايراني فرنگي,سنگ,1,0,1,1,0,0,1,0,10334332
4,146,3,1,MDF,ايراني فرنگي,سراميک,1,0,1,1,0,0,0,1,3838544
9,105,2,1,MDF,ايراني فرنگي,سنگ,1,0,1,0,0,0,0,1,10299889
1,78,2,1,MDF,ايرانی,پارکت,1,0,1,0,0,0,1,0,10299862
2,80,2,1,MDF,ايرانی,سراميک,1,0,1,0,0,0,0,0,10262875
3,142,3,1,چوبي,ايراني فرنگي,سنگ,1,0,0,1,0,0,0,1,3891729
1,112,2,1,MDF,ايراني فرنگي,سنگ,1,0,1,1,0,0,0,1,3337016
2,133,3,1,MDF,ايراني فرنگي,سراميک,1,0,0,1,0,0,0,1,3976213
21,137,3,1,دلخواه,ايراني فرنگي,سراميک,1,0,1,1,0,0,0,1,10205529
17,172,3,1,دلخواه,ايراني فرنگي,سراميک,1,0,1,1,0,0,0,1,10260926
1,130,3,2,MDF,ايراني فرنگي,سنگ,1,0,1,1,0,0,0,1,10249013
1,87,2,1,چوبي,ايراني فرنگي,سنگ,1,0,1,1,0,0,0,0,10178263
15,100,2,1,MDF,ايراني فرنگي,سراميک,1,0,1,0,0,0,0,1,10334359
2,295,4,1,چوبي,ايراني فرنگي,سنگ,1,0,1,1,0,0,0,1,10334346
6,236,3,1,هایگلاس,ايراني فرنگي,سنگ,1,0,1,1,0,0,0,1,10243386
مختلف,195,3,1,MDF,ايراني فرنگي,سراميک,1,0,1,0,0,0,1,0,10146689
1,118,2,1,MDF,ايراني فرنگي,سراميک,1,0,1,0,0,0,1,0,10179272
مختلف,187,3,1,MDF,ايراني فرنگي,سراميک,1,0,1,0,0,0,1,0,10182706
5,68,1,1,MDF,ايراني فرنگي,سنگ,1,0,1,1,0,0,0,1,10348397
2,100,2,1,MDF,ايراني فرنگي,لامنيت,1,0,1,1,0,0,0,0,10146304
9,84,2,1,چوبي,ايراني فرنگي,سنگ,1,0,1,1,1,0,0,1,10349400
4,100,2,1,MDF,ايرانی,سنگ,0,0,1,1,0,0,0,1,10131870
1,140,3,1,فلزي,ايرانی,موزائيک,0,0,1,1,0,0,1,0,10122492
1,83,2,1,چوبي,ايراني فرنگي,سراميک,1,0,1,1,1,0,0,1,10334095
4,60,2,1,MDF,ايرانی,سراميک,1,0,1,0,0,0,1,0,10348525
5,150,3,1,چوبي,ايراني فرنگي,سراميک,1,0,1,1,0,0,0,1,10265611
3,153,3,1,MDF,ايراني فرنگي,سراميک,1,0,1,0,0,0,0,1,10385091
3,58,1,1,MDF,ايرانی,سراميک,1,0,1,0,0,0,0,1,10350761
4,73,2,1,MDF,ايراني فرنگي,سنگ,1,0,0,1,0,0,0,1,10202859
1,120,3,1,MDF,ايراني فرنگي,سنگ,1,0,0,1,0,0,0,1,10129987
همكف,58,1,1,MDF,ايرانی,سراميک,1,0,1,1,0,0,0,1,3825992
9,90,2,1,MDF,ايراني فرنگي,سراميک,1,0,1,1,0,0,0,1,10262599
4,92,2,1,MDF,ايراني فرنگي,پارکت,1,0,1,1,0,0,1,0,10275128
4,49,1,1,MDF,ايرانی,سنگ,1,0,0,1,0,0,1,0,10120909
3,55,1,1,MDF,ايرانی,سنگ,1,0,1,0,0,0,1,0,10385122
4,66,2,1,MDF,ايرانی,سراميک,1,0,1,1,1,0,0,1,10385127
1,75,2,1,MDF,ايرانی,پارکت,1,0,0,0,0,0,1,0,10385129
4,80,1,1,چوبي,فرنگی,سنگ,1,0,0,0,0,0,0,1,10385141
2,156,3,1,MDF,فرنگی,پارکت,1,0,1,1,0,0,1,0,3839183
1,65,2,1,MDF,ايراني فرنگي,سراميک,1,0,1,1,0,0,0,1,10351749
1,67,2,1,MDF,ايراني فرنگي,سراميک,1,0,1,0,0,0,1,0,10385150
2,98,2,1,MDF,ايراني فرنگي,سراميک,1,0,1,1,0,0,0,1,3889686
5,116,2,1,MDF,ايراني فرنگي,سراميک,1,0,1,0,0,0,0,1,10385157
3,111,2,1,MDF,ايراني فرنگي,سراميک,1,0,1,1,0,0,0,1,10385160
همكف,40,0,1,MDF,ايرانی,سراميک,1,0,0,0,0,0,0,1,10298285
3,150,3,1,MDF,ايراني فرنگي,سنگ,1,0,1,1,0,0,1,1,10276118
1,88,2,1,MDF,ايراني فرنگي,سنگ,1,0,1,1,0,0,0,1,10301571
2,61,1,1,MDF,ايراني فرنگي,سنگ,1,0,1,0,0,0,1,1,10217759
2,104,2,1,MDF,ايراني فرنگي,سراميک,1,0,1,1,0,0,1,0,10351535
3,88,2,1,MDF,ايراني فرنگي,سنگ,1,0,1,1,0,0,0,1,10348294
7,105,2,1,MDF,ايراني فرنگي,سراميک,1,0,1,1,0,0,0,0,10335890
1,50,1,1,MDF,ايراني فرنگي,سنگ,1,0,0,0,0,0,0,1,10333748
8,80,2,1,MDF,ايراني فرنگي,سراميک,1,0,1,1,0,0,0,1,10270503
3,119,2,2,MDF,ايراني فرنگي,سراميک,1,0,1,1,0,0,1,0,3587478
همكف,74,2,1,MDF,ايراني فرنگي,سراميک,1,0,1,1,0,0,1,0,10346809
3,73,2,1,MDF,ايرانی,سراميک,1,0,1,0,0,0,0,1,10271966
2,45,1,1,MDF,ايرانی,سراميک,1,0,1,0,0,0,1,0,10271560
3,70,1,1,هایگلاس,ايراني فرنگي,سراميک,1,0,1,1,0,0,0,1,10202955
4,55,1,1,MDF,ايرانی,سراميک,1,0,1,1,1,0,0,1,3229306
2,200,3,1,فلزي,ايراني فرنگي,پارکت,0,0,0,1,0,0,1,0,10065649
4,52,1,1,MDF,فرنگی,سراميک,1,0,1,0,0,0,0,1,10271857
4,130,2,2,MDF,ايراني فرنگي,سراميک,1,0,1,1,0,0,1,0,10123240
5,70,2,1,MDF,ايرانی,سراميک,1,0,1,0,0,0,1,0,10104296
5,94,2,1,MDF,ايرانی,سراميک,1,0,1,1,0,0,0,1,10385164
6,150,3,1,MDF,ايراني فرنگي,سراميک,0,0,0,0,0,0,0,0,10251215
1,164,3,1,MDF,ايراني فرنگي,سنگ,1,0,1,1,1,1,0,0,10385167
5,96,2,1,MDF,ايراني فرنگي,سنگ,1,0,1,1,0,0,1,0,10269516
1,43,1,1,MDF,ايراني فرنگي,سراميک,1,0,1,0,0,0,1,0,10346604
2,150,3,1,MDF,ايراني فرنگي,سراميک,1,0,1,1,0,0,1,1,10333895
3,150,3,1,هایگلاس,ايراني فرنگي,سنگ,1,0,1,1,0,0,0,1,10129053
2,65,1,1,MDF,ايراني فرنگي,سراميک,1,0,1,1,0,1,0,0,10347059
4,60,2,1,MDF,ايرانی,لامنيت,1,0,1,1,0,0,0,1,10272259
همكف,61,1,.وصل,MDF,ايراني فرنگي,سراميک,1,0,1,0,0,0,0,1,10347086
2,61,1,1,MDF,ايرانی,سراميک,1,0,1,1,0,0,1,0,10272446
4,143,3,1,چوبي,ايراني فرنگي,پارکت,1,0,1,1,0,1,1,1,10241565
1,85,2,1,MDF,ايراني فرنگي,سراميک,1,0,0,1,0,0,1,0,10118249
6,200,3,1,MDF,ايراني فرنگي,سنگ,1,0,1,1,0,0,1,0,10241691
2,74,1,1,MDF,ايراني فرنگي,سراميک,1,0,0,0,0,0,1,0,10322196
3 و 4,215,4,1,MDF,ايراني فرنگي,پارکت,1,0,0,1,0,0,1,0,10253819
2,75,2,1,MDF,ايرانی,سراميک,0,0,1,0,0,0,1,0,10300418
3,178,3,1,MDF,ايراني فرنگي,سنگ,1,0,1,1,0,0,0,1,10385187
6,105,2,1,هایگلاس,ايراني فرنگي,سراميک,1,0,0,1,0,0,0,1,3842411
1,138,2,1,MDF,ايراني فرنگي,سنگ,1,0,1,1,0,0,1,0,10385188
4,80,2,1,MDF,ايرانی,سراميک,1,0,1,1,0,0,0,1,10334237
1,103,2,1,MDF,ايراني فرنگي,پارکت,1,0,1,1,0,0,0,1,10385189
4,81,2,1,MDF,ايراني فرنگي,پارکت,1,0,1,1,0,0,0,1,10332255
همكف,50,1,1,MDF,ايرانی,سنگ,1,0,0,0,0,0,1,0,3856431
2,200,3,1,MDF,ايراني فرنگي,سنگ,1,0,1,1,0,0,1,1,10133602
1,119,2,2,MDF,ايراني فرنگي,سنگ,1,0,1,1,0,0,1,1,3997749
7,157,3,1,MDF,ايراني فرنگي,لامنيت,1,0,1,0,0,0,1,0,10257938
4,34,0,1,MDF,ايرانی,سراميک,1,0,1,0,0,0,0,1,10269005
3,95,2,1,MDF,ايراني فرنگي,سراميک,1,0,1,1,0,0,1,0,10385190
4,163,3,1,MDF,ايراني فرنگي,سراميک,1,0,1,1,0,0,1,0,10300825
2,136,2,1,MDF,ايرانی,سراميک,1,0,1,1,0,0,1,0,10247399
1,185,4,1,MDF,ايراني فرنگي,سراميک,1,0,1,1,0,0,0,1,10385191
همكف,158,3,1,MDF,ايراني فرنگي,پارکت,1,0,1,0,0,0,0,1,10385192
4,88,2,1,هایگلاس,ايراني فرنگي,پارکت,1,0,1,0,0,1,0,0,10301285
1,104,2,1,MDF,ايراني فرنگي,پارکت,1,0,1,1,0,0,1,0,10333111
2,84,2,1,MDF,ايراني فرنگي,پارکت,1,0,1,1,0,0,1,1,10332376
2,123,3,1,MDF,ايراني فرنگي,سراميک,1,0,1,0,0,0,0,1,10385193
5,125,3,1,MDF,ايراني فرنگي,سراميک,1,0,1,0,0,0,1,0,10333178
5,150,3,0,MDF,ايراني فرنگي,سنگ,1,0,1,1,0,0,0,1,10351638
6,146,3,1,MDF,ايراني فرنگي,پارکت,1,0,1,1,0,0,0,1,10385194
3,64,2,1,MDF,ايرانی,سنگ,1,0,1,1,0,0,1,0,10385195
2,276,3,1,نا مشخص,ايراني فرنگي,سنگ,1,0,1,1,0,0,0,1,10385196
2,43,1,1,MDF,ايرانی,سراميک,1,0,1,1,0,0,1,0,10385197
2,123,2,1,MDF,ايراني فرنگي,سنگ,1,0,1,1,0,0,0,1,10385198
1,139,2,1,MDF,ايراني فرنگي,پارکت,1,0,1,1,0,0,1,0,10385199
2,131,3,1,MDF,ايراني فرنگي,سراميک,0,0,1,1,0,0,1,0,10205679
3,135,2,1,هایگلاس,ايراني فرنگي,سنگ,1,0,1,1,0,0,0,1,10385200
3,90,2,1,MDF,ايراني فرنگي,سراميک,1,0,1,1,0,0,1,0,10350588
2,97,2,1,MDF,ايراني فرنگي,سراميک,1,0,1,0,0,0,1,0,10333591
5,125,2,1,MDF,ايراني فرنگي,سراميک,1,0,1,0,0,0,1,0,10334780
4,107,2,1,MDF,ايراني فرنگي,سراميک,1,0,1,1,0,0,1,1,10271801
2,56,2,1,MDF,ايراني فرنگي,سنگ,1,0,0,0,0,0,1,0,10385202
2,130,3,1,MDF,ايراني فرنگي,سراميک,1,0,1,1,0,0,1,1,10198858
10,155,3,1,چوبي,ايراني فرنگي,پارکت,1,0,1,1,0,0,1,0,10251119
3,144,3,1,چوبي,ايراني فرنگي,سراميک,1,0,1,1,0,0,0,0,10187693
2,110,3,1,MDF,ايرانی,سراميک,1,0,1,1,0,0,0,1,10125092
1,105,2,1,MDF,ايراني فرنگي,سراميک,1,0,1,1,0,1,0,0,10300833
18,97,2,1,MDF,ايراني فرنگي,سراميک,1,0,1,0,0,0,0,1,10248078
4,61,1,1,MDF,ايرانی,سراميک,1,0,1,1,0,0,1,0,3886745
2,50,1,1,MDF,ايرانی,لامنيت,1,0,0,0,0,0,1,0,10186992
5,115,2,1,MDF,ايراني فرنگي,سراميک,1,0,1,1,0,0,0,1,10262398
3,152,3,1,MDF,ايراني فرنگي,سنگ,1,0,1,1,0,0,0,1,10218167
1,160,3,1,MDF,ايراني فرنگي,سراميک,1,0,1,1,0,0,0,1,10273713
3,100,1,1,فلزي,ايرانی,موزائيک,0,0,0,1,0,0,1,0,10187838
4,58,1,1,MDF,ايرانی,پارکت,1,0,1,1,0,0,1,0,10299874
3,78,2,1,MDF,ايراني فرنگي,سراميک,1,0,1,0,0,0,1,0,10299879
4,50,1,1,MDF,ايراني فرنگي,سراميک,1,0,0,1,0,0,0,0,10385206
5,183,3,1,MDF,ايراني فرنگي,پارکت,1,0,1,1,0,0,0,0,10251400
4,140,3,1,MDF,ايراني فرنگي,سنگ,0,0,0,0,0,0,0,0,10300504
4,128,3,1,MDF,ايراني فرنگي,سنگ,1,0,1,1,0,0,1,0,10300686
1,136,2,0,هایگلاس,ايراني فرنگي,سراميک,1,0,0,0,0,0,0,1,10264761
1,74,2,1,MDF,ايراني فرنگي,سنگ,1,0,1,0,0,0,0,1,10300889
1,58,2,1,MDF,ايرانی,سراميک,1,0,1,0,0,0,0,1,10300083
1,50,1,1,MDF,ايراني فرنگي,سراميک,1,0,0,1,0,0,0,0,10177540
4,107,2,1,MDF,ايراني فرنگي,سنگ,1,0,0,0,1,0,0,0,10300884
4,90,2,1,MDF,ايرانی,سراميک,1,0,1,0,1,0,0,0,10300872
1,77,2,1,MDF,ايراني فرنگي,سنگ,1,0,0,0,0,0,0,1,10300443
2,84,2,1,MDF,ايراني فرنگي,سراميک,1,0,1,1,0,0,1,0,10267630
3,60,1,1,MDF,ايراني فرنگي,سراميک,1,0,1,0,0,0,1,0,10300450
همكف,55,1,1,MDF,ايرانی,سراميک,0,0,0,0,1,0,0,1,10300796
مختلف,200,4,1,MDF,ايراني فرنگي,سنگ,0,0,0,0,0,0,0,0,3931597
4,120,2,0,MDF,ايراني فرنگي,سنگ,1,0,1,1,0,0,0,0,10252517
4,92,2,1,هایگلاس,ايراني فرنگي,سنگ,1,0,1,0,1,0,0,1,10116745
2,67,2,1,MDF,ايراني فرنگي,پارکت,1,0,1,1,0,0,1,1,3463760
3,50,1,1,MDF,ايراني فرنگي,سراميک,1,0,1,1,0,0,1,0,10333090
5,65,2,2,فلزي,ايرانی,سراميک,1,0,1,0,0,0,0,0,3996550
3,125,2,1,MDF,ايراني فرنگي,سراميک,1,0,1,0,0,0,1,0,10256750
2,70,2,1,MDF,ايراني فرنگي,پارکت سراميک,1,0,0,1,0,1,0,1,10385210
6,125,3,0,MDF,ايراني فرنگي,سنگ,1,0,0,1,0,0,0,1,10265976
3,130,2,1,MDF,ايراني فرنگي,سراميک,1,0,1,0,0,0,1,0,10257405
5,180,4,1,هایگلاس,ايراني فرنگي,پارکت,1,0,1,1,0,0,0,1,10276531
2,116,2,1,MDF,ايراني فرنگي,پارکت سراميک,0,0,0,0,0,0,0,0,10187288
2,50,1,1,MDF,ايرانی,سراميک,1,0,1,1,0,0,0,1,10385214
3,70,2,1,MDF,ايرانی,سراميک,1,0,1,0,0,0,1,0,10300047
1,103,2,1,MDF,ايراني فرنگي,سنگ,1,0,1,0,0,0,1,0,10301310
2,50,1,1,MDF,ايرانی,سراميک,1,0,1,0,0,0,1,0,10385216
4,135,3,1,MDF,ايراني فرنگي,سنگ,1,0,1,1,0,0,1,1,10385217
1,93,2,1,هایگلاس,ايراني فرنگي,سراميک,0,0,1,0,0,0,1,0,10300141
1,140,3,1,MDF,ايراني فرنگي,سنگ,1,0,1,1,0,0,0,0,10385218
1,100,2,1,MDF,ايراني فرنگي,سنگ,1,0,1,1,0,0,1,0,10183122
4,65,2,1,MDF,ايراني فرنگي,لامنيت,1,0,1,1,1,0,0,0,10266743
2,86,2,1,MDF,ايراني فرنگي,سراميک,1,0,1,1,0,0,1,1,10333862
2,145,2,1,MDF,ايراني فرنگي,سراميک,1,0,0,0,0,0,1,0,10118357
2,95,2,1,MDF,ايراني فرنگي,سنگ,1,0,0,0,0,0,1,0,10261474
3,85,2,1,MDF,ايراني فرنگي,لامنيت,1,0,1,1,0,0,1,0,10266751
1,190,3,1,MDF,ايراني فرنگي,سنگ,1,0,1,1,0,0,0,1,10268844
3,40,0,1,MDF,ايرانی,سراميک,1,0,1,0,0,0,1,0,10385223
2,85,2,1,MDF,فرنگی,سنگ,1,0,1,1,0,0,0,1,10298936
3,78,2,1,MDF,ايراني فرنگي,پارکت,1,0,1,1,0,0,0,1,10332963
7,180,3,1,MDF,ايراني فرنگي,سراميک,1,0,1,1,0,0,1,1,10385225
2,135,3,1,MDF,ايراني فرنگي,سراميک,1,0,0,0,0,0,1,0,10332771
1,100,2,1,MDF,ايراني فرنگي,سراميک,1,0,1,1,0,0,0,1,10385226
3,133,2,1,MDF,ايراني فرنگي,سراميک,1,0,1,1,0,0,0,1,10333002
3,82,2,1,هایگلاس,فرنگی,پارکت,0,0,1,1,0,0,1,0,10333387
10,180,3,1,MDF,ايراني فرنگي,سنگ,1,0,1,0,0,0,0,1,10385227
5,96,2,1,MDF,ايراني فرنگي,سراميک,1,0,1,1,0,0,1,0,10334577
1,39,1,1,MDF,ايراني فرنگي,سراميک,1,0,0,0,0,0,0,1,10300170
3,47,1,1,MDF,ايراني فرنگي,پارکت,1,0,1,1,0,0,0,0,10385229
3,86,2,1,MDF,ايرانی,سراميک,1,0,1,0,0,0,1,1,10385231
3,58,1,1,نا مشخص,ايرانی,سنگ,1,0,1,0,0,0,1,0,10385232
3,55,1,1,MDF,ايرانی,سراميک,1,0,1,0,1,0,0,0,10301373
5,148,3,1,MDF,ايراني فرنگي,سراميک,1,0,1,0,0,0,1,0,10297348
2,64,1,1,MDF,ايرانی,سراميک,1,0,0,1,0,1,0,0,10385233
1,87,2,1,MDF,ايراني فرنگي,پارکت,1,0,1,1,0,0,1,0,10301626
2,90,2,1,MDF,ايراني فرنگي,سراميک,1,0,1,1,0,0,0,0,10385235
4,57,1,1,MDF,ايراني فرنگي,سنگ,1,0,1,1,0,0,1,0,10385237
4,92,2,1,MDF,ايراني فرنگي,سنگ,1,0,1,1,0,0,0,0,3336704
2,40,1,1,MDF,ايرانی,سراميک,1,0,1,0,0,0,0,0,10300187
3,58,2,یك,فلزي,ايرانی,سراميک,1,0,1,0,0,0,0,1,10385241
4,60,1,1,MDF,ايرانی,سراميک,1,0,0,1,0,0,1,0,10385243
4,135,2,1,MDF,ايراني فرنگي,سنگ,1,0,1,1,0,0,1,0,10301239
1,62,1,1,MDF,ايرانی,سراميک,1,0,1,0,0,0,1,1,10385245
2,52,1,1,MDF,ايرانی,سراميک,1,0,1,1,0,0,0,0,10385246
1,92,2,1,MDF,ايرانی,موکت,1,0,1,0,0,0,0,1,10322370
4,140,3,1,MDF,ايراني فرنگي,سنگ,1,0,1,1,0,0,0,1,10385248
3,48,1,1,MDF,ايرانی,سراميک,1,0,0,0,0,0,1,0,3393543
3,55,2,1,MDF,ايراني فرنگي,سراميک,1,0,1,1,0,0,0,1,10066287
5,90,2,1,MDF,ايراني فرنگي,سنگ,1,0,1,1,0,0,1,0,10115141
3,134,3,1,MDF,ايراني فرنگي,سنگ,1,0,1,1,1,1,1,0,10129228
1,62,2,1,MDF,ايرانی,پارکت,1,0,1,0,0,0,1,0,10147903
4,77,2,1,MDF,ايراني فرنگي,سنگ,1,0,0,0,0,0,1,0,10162555
1,70,2,3,MDF,ايرانی,سراميک,0,0,0,0,1,0,0,0,10349616
4,122,3,1,MDF,ايراني فرنگي,سراميک,1,0,1,0,1,0,0,0,10267962
3,89,2,1,MDF,ايراني فرنگي,سراميک,1,0,1,1,0,0,1,1,10333105
4,62,1,1,MDF,ايرانی,سراميک,1,0,1,1,0,0,0,1,10385261
2,108,2,1,MDF,ايراني فرنگي,سراميک,1,0,1,1,0,0,0,1,10385274
4,65,2,1,MDF,ايراني فرنگي,سراميک,1,0,1,1,0,0,0,1,10300049
3,83,2,1,MDF,ايراني فرنگي,سراميک,1,0,0,0,0,0,1,0,10273380
2,67,1,1,فلزي,ايرانی,سراميک,1,0,0,1,0,0,0,1,3878186
2,92,2,1,دلخواه,ايراني فرنگي,سراميک,1,0,1,1,0,0,1,0,10322424
3,67,1,1,MDF,ايراني فرنگي,سراميک,1,0,1,1,0,0,0,1,10273243
5,111,2,1,MDF,ايراني فرنگي,سنگ,1,0,1,1,0,0,1,0,10250285
1,87,2,1,MDF,ايراني فرنگي,پارکت,1,0,1,1,0,0,0,1,10272994
2,226,3,1,هایگلاس,ايراني فرنگي,سنگ,1,0,1,0,0,0,0,1,10385287
4,110,2,1,MDF,ايرانی,سراميک,1,0,1,1,0,0,1,0,10249595
2,80,2,1,MDF,ايراني فرنگي,سراميک,1,0,0,1,0,0,1,0,10385289
3,100,2,1,MDF,ايراني فرنگي,سراميک,1,0,1,0,0,0,0,0,10385291
4,59,1,1,MDF,ايرانی,سراميک,0,0,1,1,0,0,0,1,10385297
1,51,1,1,MDF,ايراني فرنگي,سنگ,1,0,1,1,0,0,0,1,3166598
5,73,2,1,MDF,ايراني فرنگي,سنگ,1,0,1,1,0,0,1,0,10219278
9 و 8,304,4,1,دلخواه,ايراني فرنگي,سنگ,1,0,1,0,0,0,0,0,3271692
1,118,3,1,فلزي,ايراني فرنگي,سراميک,1,0,1,1,0,0,1,0,10162069
10,78,2,1,MDF,ايراني فرنگي,سراميک,1,0,1,1,0,1,0,0,10385301
2,217,3,1,چوبي,ايراني فرنگي,سنگ,1,0,1,1,1,0,0,0,10385318
همكف,236,5,1,هایگلاس,فرنگی,سنگ,0,0,1,0,0,0,1,1,10265932
5,134,3,1,چوبي,ايراني فرنگي,سنگ,1,0,1,1,0,0,0,1,10275565
2,88,2,1,MDF,ايراني فرنگي,سراميک,0,0,0,0,0,0,0,0,10385326
3,73,2,1,MDF,ايراني فرنگي,پارکت,1,0,1,1,0,0,1,0,10092783
2,47,1,1,MDF,ايراني فرنگي,سراميک,1,0,1,1,0,0,0,1,10206295
6,80,2,1,MDF,ايراني فرنگي,سراميک,1,0,1,1,0,0,0,1,10268771
مختلف,143,3,1,چوبي,ايراني فرنگي,سنگ,1,0,1,1,0,0,0,1,10262927
2,97,2,1,MDF,ايراني فرنگي,سراميک,1,0,1,1,0,0,1,0,10346418
4,147,3,1,MDF,ايراني فرنگي,سنگ,1,0,1,1,0,0,0,1,10268279
5,163,3,1,هایگلاس,ايراني فرنگي,سنگ,1,0,1,1,0,0,1,0,10351998
1,96,2,1,MDF,ايراني فرنگي,سراميک,1,0,1,0,0,0,1,0,10268957
1,105,2,1,MDF,ايراني فرنگي,سنگ,0,0,0,0,0,0,0,0,10240364
4,70,2,1,MDF,ايرانی,سراميک,1,0,1,0,0,0,0,0,10346305
3,150,3,1,MDF,ايراني فرنگي,سراميک,1,0,1,1,0,0,0,1,10346354
1,55,1,1,MDF,ايرانی,سراميک,1,0,1,0,0,0,0,0,2913180
1,70,2,1,MDF,ايراني فرنگي,سراميک,0,0,1,0,0,0,1,0,10335594
1,60,2,1,MDF,ايرانی,سنگ,1,0,1,0,0,0,1,0,10346836
4,80,2,1,MDF,ايرانی,سراميک,1,0,1,0,0,0,1,0,10273320
5,101,2,1,MDF,ايراني فرنگي,سنگ,1,0,1,1,0,0,0,1,10258982
9,144,3,1,MDF,ايراني فرنگي,سنگ,1,0,1,1,0,0,1,1,10265649
5,87,2,1,MDF,ايراني فرنگي,سراميک,1,0,0,1,0,0,1,0,10385338
3,101,2,1,هایگلاس,ايراني فرنگي,سنگ,1,0,1,0,0,0,0,1,10385340
6,115,2,1,MDF,ايراني فرنگي,سراميک,1,0,1,1,1,0,0,1,10385341
4,75,2,1,MDF,ايراني فرنگي,پارکت,1,0,1,1,0,0,0,1,10354145
4,70,2,1,MDF,ايراني فرنگي,سراميک,1,0,1,0,0,0,0,0,10385342
3,93,2,1,MDF,ايراني فرنگي,سراميک,1,0,1,0,0,0,0,0,10385343
1,62,2,1,هایگلاس,ايراني فرنگي,سراميک,1,0,1,0,0,0,0,0,10385344
همكف,80,2,1,MDF,ايراني فرنگي,پارکت,1,0,0,0,0,0,0,0,10385345
3,50,1,1,MDF,ايرانی,سراميک,1,0,1,1,0,0,0,1,10272316
4,90,2,1,MDF,ايراني فرنگي,سنگ,1,0,1,0,0,0,0,1,10385350
همكف,76,1,1,MDF,ايرانی,سراميک,1,0,0,0,0,0,0,1,10385352
5,182,3,1,MDF,ايراني فرنگي,سراميک,1,0,1,1,0,0,1,0,10261575
1,145,2,1,MDF,ايرانی,سراميک,1,0,0,0,0,0,0,1,3890998
1,102,2,1,MDF,ايراني فرنگي,سنگ,1,0,1,0,0,0,1,0,10385354
2,128,3,1,MDF,ايراني فرنگي,لامنيت,1,0,1,1,0,0,0,0,10335496
2,122,3,1,MDF,ايراني فرنگي,پارکت,1,0,1,1,0,0,0,1,10261549
3,49,1,1,MDF,ايراني فرنگي,موکت سراميک,1,0,1,0,0,0,0,0,10385356
2,55,1,1,MDF,ايراني فرنگي,سراميک,1,0,1,0,0,0,0,1,10302114
4,57,1,1,MDF,ايراني فرنگي,سنگ,1,0,0,1,0,0,0,0,10253157
7,171,3,1,دلخواه,ايراني فرنگي,سنگ,1,0,1,1,0,0,0,1,10244607
3,47,1,1,MDF,ايرانی,سراميک,1,0,1,1,0,0,0,0,10350249
3,87,2,1,هایگلاس,ايراني فرنگي,پارکت,0,0,0,1,0,0,0,0,10350462
2,114,2,1,فلزي,ايراني فرنگي,سراميک,1,0,1,1,0,0,0,1,10385357
1,86,2,1,MDF,ايرانی,موزائيک,1,0,1,0,0,0,0,1,10385358
5,80,2,1,MDF,ايرانی,سراميک,0,0,0,1,0,0,0,1,10385360
4,70,2,1,MDF,ايراني فرنگي,سراميک,1,0,1,1,0,0,0,1,10273925
1,114,2,1,چوبي,ايراني فرنگي,سراميک,1,0,1,1,0,0,0,1,10350446
4,48,1,1,MDF,ايراني فرنگي,سراميک,1,0,0,0,0,0,0,1,10385361
3,140,3,1,هایگلاس,ايراني فرنگي,سراميک,1,0,1,1,0,0,0,1,10257355
همكف,96,2,1,MDF,ايراني فرنگي,سراميک,1,0,1,1,0,1,1,0,10240945
1,55,1,1,MDF,ايراني فرنگي,سراميک,1,0,1,0,0,0,0,1,10385365
6,270,5,2,MDF,ايراني فرنگي,سراميک,1,0,1,1,0,0,1,0,10131873
4,180,3,1,MDF,ايراني فرنگي,سنگ,1,0,1,1,0,0,0,1,10257359
3,100,3,1,MDF,ايراني فرنگي,سراميک,1,0,1,0,0,0,1,0,10263364
1,240,3,1,MDF,ايراني فرنگي,سراميک,0,0,1,0,0,0,1,0,10322194
2,52,1,1,MDF,ايرانی,سراميک,1,0,1,0,0,0,1,0,10297897
3,65,2,1,MDF,ايرانی,سراميک,1,0,1,1,0,0,1,0,3990713
4,53,1,1,MDF,ايرانی,سراميک,1,0,1,1,0,0,0,1,10261437
4,63,1,1,MDF,ايرانی,سنگ,1,0,1,1,0,0,0,1,10296914
5,106,3,1,MDF,ايراني فرنگي,سراميک,1,0,1,1,0,0,0,1,3891423
3,102,2,1,چوبي,ايرانی,سراميک,1,0,1,0,0,0,1,0,10275961
1,102,2,1,MDF,ايراني فرنگي,سنگ,1,0,1,1,0,0,1,0,10244839
2,78,2,1,MDF,ايرانی,پارکت,1,0,1,0,0,0,1,0,10263480
2,90,2,1,MDF,ايراني فرنگي,سراميک,1,0,1,0,0,0,1,0,10263920
4,63,1,1,MDF,ايرانی,سراميک,1,0,1,1,0,0,0,1,10297640
2,75,1,2,MDF,فرنگی,لامنيت,1,0,1,0,0,0,1,0,10298651
1,200,3,1,هایگلاس,ايراني فرنگي,سنگ,1,0,1,1,0,0,1,0,10322240
4,80,2,1,MDF,ايرانی,کفپوش,1,0,1,0,0,0,0,1,10145708
3,74,2,1,MDF,ايرانی,سراميک,1,0,0,0,0,0,0,1,10150489
1,128,3,1,MDF,ايراني فرنگي,سراميک,1,0,1,1,0,0,0,1,10263718
6,147,3,1,چوبي,ايراني فرنگي,سراميک,1,0,1,1,0,0,1,1,10298253
2,92,2,1,MDF,ايرانی,سراميک,1,0,1,1,0,0,0,1,10276440
زیرهمكف,30,0,0,MDF,ايرانی,سراميک,0,0,0,0,0,0,0,0,10267061
7,106,2,1,MDF,ايرانی,سراميک,0,0,1,0,0,0,0,1,3324601
همكف,185,3,1,MDF,ايراني فرنگي,سنگ,1,0,1,0,0,0,1,0,10301891
1,118,2,1,MDF,ايراني فرنگي,سنگ,1,0,1,0,0,0,1,1,10270707
3,90,2,1,MDF,ايراني فرنگي,سنگ,1,0,1,1,0,0,0,1,10270403
2,110,2,1,هایگلاس,ايراني فرنگي,سنگ,1,0,1,1,0,0,0,1,10065743
1,147,3,1,MDF,ايراني فرنگي,سنگ,1,0,1,1,0,0,1,0,10204744
2,95,2,1,MDF,ايراني فرنگي,سراميک,1,0,1,1,0,0,1,0,10253590
1,170,3,1,MDF,ايراني فرنگي,نا مشخص,1,0,1,0,0,0,0,1,10351902
1,160,3,1,دلخواه,ايراني فرنگي,سنگ,1,0,1,0,0,0,1,0,10395196
2,112,2,1,MDF,ايراني فرنگي,سراميک,1,0,1,0,1,0,0,0,10395197
2,95,2,1,MDF,ايراني فرنگي,سنگ,1,0,1,0,0,0,1,0,10395198
3,144,3,1,MDF,ايراني فرنگي,سراميک,1,0,1,0,0,0,1,0,10333613
2,70,2,1,MDF,ايراني فرنگي,پارکت,1,0,0,0,1,1,0,0,10395201
3,248,4,1,MDF,ايراني فرنگي,سراميک,1,0,1,0,0,0,1,0,10276637
1,160,3,1,MDF,ايراني فرنگي,سراميک,1,0,1,1,1,1,0,0,3971285
4,124,3,1,MDF,ايراني فرنگي,سنگ,1,0,1,0,0,0,0,1,10395203
1,126,3,1,MDF,ايراني فرنگي,سنگ,1,0,1,1,0,0,0,1,3948769
همكف,95,2,1,MDF,ايرانی,سراميک,1,0,1,0,0,0,0,1,3787758
4,95,2,1,MDF,ايراني فرنگي,سراميک,1,0,1,0,0,0,1,0,10334990
5,132,3,1,MDF,ايراني فرنگي,سراميک,0,0,0,0,0,0,0,0,10265452
7,128,2,1,MDF,ايراني فرنگي,سنگ,1,0,1,1,0,0,1,0,10334340
2,120,2,1,MDF,ايراني فرنگي,سراميک,1,0,1,0,0,0,1,0,10298328
4,63,1,1,MDF,ايرانی,سراميک,1,0,1,0,0,0,1,0,10395206
6,159,3,1,MDF,ايراني فرنگي,سنگ,1,0,1,1,0,0,1,0,3436696
1,123,2,1,MDF,ايراني فرنگي,سراميک,1,0,1,1,0,1,0,0,10297608
زیرهمكف,90,2,1,MDF,ايراني فرنگي,سراميک,1,0,0,0,0,0,0,0,10395208
2,121,2,1,MDF,ايرانی,سنگ,1,0,1,1,0,0,1,0,3977430
1,63,2,1,MDF,ايرانی,سراميک,0,0,1,0,0,0,0,1,10395209
4,168,3,1,MDF,ايراني فرنگي,سنگ,1,0,1,1,0,0,0,1,10300856
2,200,3,1,MDF,ايراني فرنگي,سراميک,1,0,1,1,0,0,1,1,10301219
1,185,3,1,MDF,ايراني فرنگي,سراميک,1,0,1,1,0,0,1,1,10395213
6,105,2,2,MDF,ايراني فرنگي,سراميک,1,0,1,0,0,0,0,0,10395214
4,104,2,1,MDF,فرنگی,لامنيت,1,0,1,1,0,0,1,0,10333796
4,160,3,1,MDF,ايراني فرنگي,سراميک,1,0,1,1,0,0,0,1,10334629
4,105,2,1,MDF,ايراني فرنگي,سنگ,1,0,1,1,0,0,0,0,10334632
5,83,2,1,MDF,ايراني فرنگي,سراميک,1,0,1,1,0,0,0,1,10243435
3,211,3,1,MDF,ايراني فرنگي,سنگ,1,0,1,1,0,0,0,1,10251844
همكف,52,1,1,MDF,ايراني فرنگي,سراميک,1,0,0,0,0,0,0,0,10296890
3,51,1,1,MDF,ايرانی,سراميک,1,0,1,0,0,0,1,0,10298283
1,74,2,1,MDF,ايراني فرنگي,سراميک,0,0,0,0,0,0,0,0,10298754
5,87,2,1,MDF,ايراني فرنگي,سراميک,1,0,1,1,0,0,0,0,10395216
1,109,2,1,MDF,ايراني فرنگي,سراميک,1,0,1,1,0,0,0,1,10334580
2,46,1,1,MDF,ايرانی,سراميک,1,0,0,0,0,0,0,1,10334751
2,155,3,1,فرنيش,ايراني فرنگي,سنگ,1,0,1,1,0,0,0,1,3756965
4,70,2,1,MDF,ايرانی,سراميک,1,0,1,1,0,0,0,1,10347311
همكف,45,1,1,MDF,ايراني فرنگي,سراميک,1,0,1,0,0,0,1,0,10395217
1,101,2,1,MDF,ايراني فرنگي,سراميک,1,0,1,1,0,0,1,0,3501329
5,121,3,1,MDF,ايراني فرنگي,سراميک,0,0,0,0,0,0,0,0,10274834
2,93,2,1,MDF,فرنگی,سراميک,1,0,1,1,0,0,1,0,10254966
2,161,3,1,MDF,ايراني فرنگي,سنگ,1,0,1,0,0,0,1,0,10275463
4,122,2,1,MDF,ايراني فرنگي,سراميک,1,0,1,1,0,0,1,1,10247768
2,113,2,1,فرنيش,فرنگی,پارکت,1,0,1,1,0,0,0,1,3278793
3,115,3,1,MDF,ايراني فرنگي,سنگ,1,0,1,0,0,0,0,1,10395222
1,137,3,0,هایگلاس,ايراني فرنگي,سراميک,1,0,1,1,0,0,0,1,10335815
1,152,3,1,MDF,ايراني فرنگي,سراميک,1,0,1,1,0,0,1,0,10322279
1,87,2,1,MDF,ايراني فرنگي,سراميک,1,0,1,0,0,0,0,1,10267797
3,74,2,1,MDF,ايراني فرنگي,سنگ,1,0,1,0,0,0,0,1,10332730
3,130,2,1,MDF,ايراني فرنگي,سراميک,1,0,1,0,0,0,1,0,10395223
3,103,2,1,فلزي,ايراني فرنگي,سنگ,1,0,1,0,0,1,1,1,10395224
2,88,2,0,MDF,ايراني فرنگي,سنگ,1,0,1,1,0,0,0,1,10347675
1,80,2,1,MDF,ايراني فرنگي,سنگ,1,0,1,1,0,0,1,0,10185118
1,61,1,1,MDF,ايرانی,سراميک,1,0,0,0,0,0,1,1,10395230
5,121,3,1,MDF,ايراني فرنگي,سنگ,1,0,1,1,1,1,0,0,10296918
1,96,2,1,MDF,ايراني فرنگي,سنگ,1,0,1,1,0,0,1,0,10271796
2,105,2,0,دلخواه,ايراني فرنگي,سراميک,1,0,1,1,0,0,1,0,10296795
همكف,159,3,1,MDF,ايراني فرنگي,موکت,1,0,1,1,0,0,1,0,10249622
4,105,2,1,MDF,ايراني فرنگي,سراميک,1,0,1,0,0,0,1,0,10298113
3,150,3,1,MDF,ايراني فرنگي,سراميک,1,0,1,0,0,0,0,1,10298120
3,138,3,1,MDF,فرنگی,سراميک,1,0,1,1,0,0,0,1,10298608
2,111,3,1,MDF,ايراني فرنگي,سراميک,1,0,1,1,0,0,1,0,10148832
2,182,3,1,MDF,ايراني فرنگي,سنگ,1,0,1,0,0,0,0,1,10347282
3,83,2,1,MDF,ايراني فرنگي,سراميک,1,0,1,0,0,0,1,0,10164097
4,80,2,1,MDF,ايرانی,پارکت سراميک,1,0,1,1,0,0,0,0,10204557
3,100,2,1,MDF,ايراني فرنگي,سراميک,1,0,0,0,0,0,1,0,10395235
3,60,1,2,MDF,ايراني فرنگي,سراميک,1,0,1,1,0,0,0,1,10146792
1,138,3,1,MDF,ايراني فرنگي,سراميک,1,0,1,0,0,0,1,0,10265121
3,78,2,1,MDF,ايراني فرنگي,سراميک,1,0,1,1,0,0,0,1,10164567
3,95,2,1,MDF,فرنگی,سراميک,1,0,1,0,0,0,1,0,10270796
3,121,3,1,چوبي,ايراني فرنگي,سنگ,1,0,1,0,0,0,1,0,10219508
1,95,2,1,MDF,ايراني فرنگي,موزائيک,1,0,1,0,0,0,1,0,10274736
4,63,1,1,MDF,ايراني فرنگي,سراميک,1,0,1,0,0,0,0,1,10296723
2,53,1,1,فلزي,فرنگی,سراميک,0,0,0,0,0,0,1,0,10395236
1,114,2,1,MDF,ايراني فرنگي,پارکت,1,0,1,1,0,0,0,1,10264779
4,105,2,1,MDF,ايراني فرنگي,پارکت,1,0,1,1,0,0,0,1,10297011
2,56,1,1,MDF,ايرانی,سراميک,0,0,1,1,0,0,1,0,10333485
4,66,2,1,چوبي,ايراني فرنگي,سراميک,1,0,1,0,0,0,1,0,10332722
1,130,3,1,MDF,ايراني فرنگي,سراميک,1,0,1,1,0,0,0,1,10267091
3,148,2,2,فلزي,ايراني فرنگي,سراميک,1,0,0,1,0,0,0,1,10395238
1,58,1,1,MDF,ايرانی,پارکت,1,0,1,0,0,0,1,0,10298007
2,42,1,1,فلزي,ايرانی,سنگ,1,0,1,0,0,0,1,0,10264863
4,50,1,1,MDF,ايرانی,سراميک,1,0,1,0,0,0,1,0,10265805
3,85,2,1,MDF,ايراني فرنگي,سراميک,1,0,0,0,0,0,1,0,10296865
1,58,2,1,MDF,ايراني فرنگي,پارکت,1,0,1,1,0,0,0,1,10296523
3,70,2,1,MDF,ايراني فرنگي,سنگ,1,0,0,0,0,0,1,1,10334943
4,60,1,1,MDF,ايرانی,سراميک,0,0,1,1,0,0,0,0,10298564
زیرهمكف,40,1,1,MDF,ايرانی,سراميک,1,0,0,0,0,0,1,0,10395199
1,100,2,1,هایگلاس,ايراني فرنگي,سنگ,1,0,1,1,0,0,1,1,10187588
2,153,3,1,MDF,ايراني فرنگي,پارکت,1,0,1,1,1,0,1,0,3463545
3,65,1,1,MDF,نامشخص,سراميک,1,0,0,1,0,0,0,1,10395242
3,119,2,1,MDF,ايراني فرنگي,پارکت,1,0,0,1,1,0,0,1,10346738
1,65,2,1,MDF,ايراني فرنگي,سراميک,0,0,0,0,0,0,0,0,3932319
9,97,2,1,دلخواه,ايراني فرنگي,سراميک,1,0,1,1,0,0,0,1,3991118
3,87,2,1,MDF,ايراني فرنگي,سراميک,1,0,1,1,0,0,1,1,10115421
3,107,2,1,MDF,ايرانی,پارکت,1,0,1,0,0,0,1,1,10120999
2,100,3,1,MDF,ايرانی,سراميک,1,0,1,1,0,0,1,0,10001589
4,93,2,1,MDF,ايراني فرنگي,سنگ,1,0,1,1,0,0,0,1,10249933
3,103,2,1,چوبي,ايراني فرنگي,پارکت,1,0,1,1,0,0,0,1,10149522
3,181,3,1,هایگلاس,ايراني فرنگي,سنگ,1,0,1,1,0,0,0,1,10149361
2,60,1,1,MDF,ايراني فرنگي,سراميک,1,0,1,1,0,0,0,1,10202584
2,70,2,1,MDF,ايراني فرنگي,سراميک,1,0,1,0,0,1,0,0,10249586
3,57,1,1,هایگلاس,ايراني فرنگي,سنگ,1,0,1,1,0,0,0,1,3560053
1,98,2,1,MDF,ايراني فرنگي,سنگ,1,0,0,1,0,1,0,1,10253712
17,271,3,1,MDF,ايراني فرنگي,سراميک,1,0,1,1,0,0,1,0,10333458
10,150,3,1,MDF,ايراني فرنگي,سنگ,1,0,1,1,0,0,1,0,10000312
1,210,4,1,چوبي,ايراني فرنگي,سنگ,1,0,1,1,0,0,1,1,10348988
2,102,2,1,فلزي,ايرانی,سراميک,1,0,1,0,0,0,0,1,3229914
3,38,1,1,MDF,ايراني فرنگي,موکت,1,0,1,0,0,0,0,0,3804253
2,67,1,1,MDF,ايرانی,سراميک,1,0,0,0,0,0,0,1,10298548
5,115,2,1,چوبي,ايراني فرنگي,سراميک,1,0,1,1,0,0,0,1,10133439
4,111,2,1,MDF,ايراني فرنگي,سراميک,1,0,1,1,0,0,0,1,3432542
1,67,2,1,MDF,فرنگی,سراميک,1,0,0,0,0,0,1,0,10182544
4,79,2,1,MDF,ايرانی,سراميک,1,0,1,0,0,0,1,0,10249786
2,148,3,2,MDF,ايراني فرنگي,سراميک,1,0,1,1,0,0,0,0,3769441
4,131,2,2,MDF,ايراني فرنگي,لامنيت,1,0,1,1,0,0,1,1,10115181
1,131,3,1,MDF,ايراني فرنگي,سراميک,1,0,1,1,0,0,1,0,10000283
زیرهمكف,70,2,1,MDF,فرنگی,سنگ سراميک,1,0,1,0,0,0,0,1,3585615
2,181,3,2,MDF,ايراني فرنگي,سراميک,1,0,1,1,0,0,1,0,2935929
2,77,2,1,MDF,ايرانی,سراميک,1,0,1,0,0,0,1,0,10132392
3,90,2,1,MDF,ايراني فرنگي,سراميک,1,0,1,1,0,0,1,1,3978268
همكف,130,3,1,MDF,فرنگی,سنگ,1,0,1,1,0,0,0,1,10352113
4,80,2,1,MDF,ايرانی,سنگ,1,0,1,1,0,0,1,1,10395243
1,240,4,1,هایگلاس,ايراني فرنگي,سراميک,1,0,1,0,0,0,1,0,10395244
3,130,3,1,MDF,ايراني فرنگي,سنگ,1,0,1,1,0,0,0,1,10395245
4,218,4,1,MDF,ايراني فرنگي,پارکت,1,0,1,1,0,0,0,1,10260435
2,118,2,1,MDF,ايراني فرنگي,سنگ,1,0,1,1,0,0,0,0,10273327
5,152,3,1,MDF,ايراني فرنگي,سنگ,1,0,1,1,0,0,1,0,10079170
3,64,1,1,MDF,ايراني فرنگي,پارکت,1,0,1,0,0,0,1,0,10257346
16,214,4,1,MDF,ايراني فرنگي,لامنيت,1,0,1,1,0,0,1,0,10346303
4,119,2,1,MDF,ايراني فرنگي,سنگ,1,0,1,1,0,0,1,0,10336297
3,70,1,1,MDF,ايراني فرنگي,سراميک,1,0,1,0,0,0,1,0,10251223
2,99,2,1,MDF,ايراني فرنگي,سراميک,1,0,0,0,0,0,0,1,10395247
4,104,2,1,MDF,ايراني فرنگي,سراميک,0,0,0,0,0,0,0,0,10264602
3,58,2,1,MDF,ايراني فرنگي,سراميک,1,0,1,0,0,0,0,1,10298236
1,160,3,1,MDF,ايراني فرنگي,سنگ,1,0,1,1,0,0,1,0,10395248
2,141,3,1,MDF,ايراني فرنگي,سراميک,1,0,1,1,0,0,0,1,10332262
2,95,2,1,MDF,ايراني فرنگي,سنگ,1,0,1,0,0,0,0,1,10298701
5,124,3,1,MDF,ايراني فرنگي,سراميک,1,0,1,1,0,1,0,0,10395250
4,157,3,1,MDF,ايراني فرنگي,سراميک,1,0,1,1,0,0,0,1,10268809
1,131,3,1,MDF,ايراني فرنگي,سنگ,1,0,1,1,0,0,0,0,10145886
4,63,2,1,MDF,ايرانی,سراميک,1,0,0,1,0,0,0,1,10053193
4,185,3,1,MDF,ايراني فرنگي,سنگ,1,0,1,0,0,0,1,0,10395251
2,212,4,1,MDF,ايراني فرنگي,سراميک,1,0,1,1,0,0,0,1,10395252
3,215,3,1,MDF,فرنگی,سراميک,1,0,1,1,0,0,0,1,10333635
2,102,2,1,MDF,ايراني فرنگي,سنگ,1,0,1,0,0,0,1,0,10332324
2,107,2,1,MDF,ايرانی,پارکت,0,0,0,0,0,0,0,0,10333457
1,68,2,1,چوبي,ايراني فرنگي,سراميک,0,0,1,1,0,0,0,1,10179627
1,60,1,1,MDF,ايراني فرنگي,سنگ,1,0,1,1,0,0,0,1,10301908
5,125,3,1,MDF,ايراني فرنگي,سراميک,1,0,1,1,0,0,1,1,3322925
1,55,1,1,MDF,ايراني فرنگي,سراميک,1,0,1,0,0,0,0,1,3878320
9,320,3,1,چوبي,ايراني فرنگي,سنگ,1,0,1,1,0,0,1,0,10334995
4,130,3,1,MDF,ايراني فرنگي,سراميک,1,0,1,1,0,0,1,0,3830503
2,187,3,1,MDF,ايراني فرنگي,سراميک,1,0,1,0,0,0,1,0,10259482
4,86,2,1,MDF,ايراني فرنگي,سراميک,1,0,1,1,0,0,1,1,10395258
5,155,3,1,MDF,ايراني فرنگي,سراميک,1,0,1,1,0,0,0,1,10297225
1,126,3,1,MDF,ايراني فرنگي,سراميک,1,0,1,1,0,0,1,0,10162073
1,160,3,1,MDF,ايراني فرنگي,سراميک,1,0,0,1,0,0,0,1,10395259
3,81,2,1,MDF,ايراني فرنگي,سنگ,1,0,1,1,0,0,0,1,10298596
7,85,2,1,MDF,ايراني فرنگي,سنگ,1,0,0,0,0,0,1,0,10395260
2,73,2,1,هایگلاس,ايراني فرنگي,لامنيت,1,0,0,0,0,0,1,0,10249304
1,69,2,1,MDF,فرنگی,سراميک,1,0,0,0,0,0,1,0,10126487
2,130,3,1,MDF,ايراني فرنگي,سنگ,1,0,1,1,0,0,0,1,10269488
4,150,3,1,MDF,ايراني فرنگي,سراميک,1,0,1,1,0,0,1,0,10250359
4,116,2,1,MDF,ايراني فرنگي,سراميک,1,0,1,0,0,0,1,0,10268074
زیرهمكف,103,2,1,MDF,ايراني فرنگي,سراميک,1,0,0,0,0,0,0,1,10254812
7,145,2,1,MDF,ايراني فرنگي,سراميک,1,0,1,1,0,0,0,1,10395266
1,147,3,1,MDF,ايراني فرنگي,سراميک,1,0,1,0,0,0,1,0,10334776
1,201,3,1,MDF,ايراني فرنگي,پارکت,1,0,1,1,0,0,0,1,10254992
5,220,3,1,هایگلاس,ايراني فرنگي,سراميک,1,0,1,0,0,0,1,0,10346579
2,85,2,1,MDF,ايرانی,سراميک,1,0,1,1,0,0,1,0,10298632
3,180,3,1,MDF,ايراني فرنگي,سراميک,0,0,0,0,0,0,0,0,10269039
4,62,1,1,MDF,ايراني فرنگي,سراميک,1,0,1,0,0,0,0,1,10395268
4,100,2,1,MDF,ايراني فرنگي,سنگ,0,0,0,0,0,0,0,0,10298453
1,55,1,1,MDF,ايرانی,پارکت,1,0,1,0,0,0,1,0,10269136
4,59,1,1,MDF,ايرانی,پارکت,1,0,0,0,0,0,1,0,10122359
2,110,3,1,MDF,ايراني فرنگي,سراميک,1,0,0,0,0,0,0,0,10395271
1,178,3,1,MDF,ايراني فرنگي,سنگ,1,0,1,1,0,0,0,0,10265779
4,96,2,1,MDF,ايراني فرنگي,سراميک,1,0,1,0,0,0,0,1,10300439
4,65,2,1,MDF,ايرانی,سراميک,1,0,0,0,0,0,0,1,10301762
1,98,2,1,MDF,ايراني فرنگي,پارکت,1,0,1,1,0,0,1,1,10395274
4,77,2,1,MDF,ايراني فرنگي,سراميک,0,0,0,0,0,0,0,0,10301741
1,57,1,1,MDF,ايرانی,سراميک,1,0,0,1,0,0,1,0,10395277
1,99,2,1,MDF,ايراني فرنگي,پارکت,1,0,1,0,0,0,0,0,10301382
2,185,4,1,MDF,ايراني فرنگي,سنگ,0,0,0,0,0,0,0,0,10145015
4,105,2,1,MDF,ايراني فرنگي,سراميک,1,0,1,0,0,0,1,0,3834339
5,125,3,1,MDF,ايراني فرنگي,سراميک,1,0,1,1,0,0,1,0,10249416
5,52,1,1,MDF,ايراني فرنگي,سراميک,1,0,1,0,0,0,0,0,10255583
همكف,73,1,1,MDF,ايراني فرنگي,سراميک,1,0,1,0,0,0,1,0,10265310
3,51,1,2,MDF,ايرانی,سراميک,1,0,1,0,0,1,0,0,10162747
5,100,2,1,MDF,ايراني فرنگي,سنگ,1,0,1,1,0,0,0,1,10395287
3,52,1,1,MDF,ايراني فرنگي,پارکت,1,0,1,0,0,0,1,0,10118500
4,67,2,1,MDF,ايراني فرنگي,سراميک,1,0,1,0,0,0,0,0,10297682
3,97,2,0,MDF,ايراني فرنگي,سنگ,1,0,1,1,1,0,0,1,10298452
همكف,59,1,1,MDF,ايرانی,سراميک,1,0,0,1,0,0,0,0,10335351
1,180,3,1,چوبي,ايراني فرنگي,سنگ,1,0,1,1,0,0,1,1,10395294
3,77,2,1,MDF,ايراني فرنگي,سنگ,1,0,1,1,0,0,1,0,10253715
2,115,3,1,MDF,ايرانی,سراميک,0,0,0,0,0,0,0,0,3570156
زیرهمكف,35,0,1,MDF,ايرانی,سراميک,1,0,0,0,0,0,1,0,10262886
3,124,2,1,MDF,ايراني فرنگي,سراميک,1,0,1,1,0,0,0,1,10346595
3,45,1,1,فلزي,ايرانی,سنگ,1,0,1,0,0,0,1,0,10185154
3,40,1,1,MDF,ايرانی,سراميک,1,0,1,0,0,0,0,1,10249656
1,50,1,1,MDF,ايراني فرنگي,سنگ,1,0,1,1,0,0,0,1,10395295
5,76,2,1,MDF,ايراني فرنگي,سراميک,1,0,1,1,0,0,0,1,10250329
1,100,2,1,MDF,ايراني فرنگي,سراميک,1,0,1,0,0,0,1,0,10346778
1,55,1,1,MDF,ايرانی,سراميک,1,0,1,0,0,0,0,1,10298600
1,55,1,1,MDF,ايرانی,سراميک,1,0,1,0,1,1,0,0,10298601
14,112,2,1,MDF,ايراني فرنگي,سراميک,1,0,1,0,0,0,0,1,10298768
1,65,2,1,MDF,ايراني فرنگي,سراميک,1,0,1,0,0,0,0,1,10265020
7,130,3,1,MDF,ايراني فرنگي,سنگ,1,0,1,1,0,0,0,1,10119231
3,55,1,1,MDF,ايرانی,سراميک,1,0,1,1,0,0,0,1,10395299
2,129,2,1,چوبي,ايراني فرنگي,سنگ,1,0,1,1,0,0,1,0,10252944
4,60,2,1,MDF,ايرانی,سراميک,1,0,1,1,0,0,1,0,10334986
1,170,3,1,MDF,ايراني فرنگي,سنگ,1,0,1,1,0,0,1,0,10301901
4,69,1,1,MDF,ايراني فرنگي,سنگ,1,0,1,0,1,0,1,0,10335032
2,135,3,1,MDF,ايراني فرنگي,پارکت,1,0,1,1,0,0,0,1,10395302
5,175,3,1,MDF,ايراني فرنگي,پارکت,1,0,1,1,0,0,0,1,10297774
2,110,2,1,MDF,ايراني فرنگي,لامنيت,1,0,0,0,1,1,0,0,10395304
1,102,2,1,MDF,ايراني فرنگي,سراميک,1,0,1,0,0,0,1,0,10335026
4,128,3,1,MDF,ايراني فرنگي,سنگ,1,0,0,1,0,0,1,0,10335455
4,123,2,1,MDF,ايراني فرنگي,پارکت,1,0,1,1,0,1,1,0,10335349
1,65,2,1,MDF,ايرانی,سراميک,0,0,1,1,0,0,1,0,10218008
2,93,2,1,MDF,ايراني فرنگي,سراميک,1,0,0,0,0,0,1,0,3835873
2,93,2,1,MDF,ايراني فرنگي,سراميک,1,0,1,1,0,0,0,0,10336128
1,105,2,1,MDF,ايراني فرنگي,سراميک,1,0,1,0,0,0,1,0,10251082
3,101,2,1,MDF,ايراني فرنگي,سنگ,1,0,1,1,0,0,0,1,10336092
1,279,4,1,MDF,ايراني فرنگي,سنگ,1,0,1,1,0,0,1,0,10336080
1,59,1,1,MDF,ايرانی,سراميک,1,0,0,0,0,0,0,1,10247858
2,91,2,1,MDF,ايراني فرنگي,سراميک,1,0,1,0,0,0,1,0,10298665
3,50,1,1,MDF,ايرانی,سراميک,1,0,1,0,0,0,0,1,10298321
4,48,1,1,فلزي,ايرانی,سراميک,1,0,1,0,0,0,1,1,10298440
4,60,2,1,هایگلاس,ايراني فرنگي,سنگ,1,0,1,1,0,0,0,1,10395310
1,95,2,1,هایگلاس,ايراني فرنگي,سراميک,0,0,1,0,0,0,0,1,10298489
4,45,1,1,MDF,ايرانی,سراميک,1,0,1,0,0,0,1,0,10395313
4,97,2,1,MDF,ايرانی,سنگ,1,0,1,1,0,0,0,1,10395317
3,116,3,1,MDF,ايرانی,سراميک,1,0,1,1,0,0,0,0,10395325
2,118,2,1,MDF,ايراني فرنگي,سراميک,1,0,1,1,0,0,1,1,10103427
4,77,2,1,MDF,ايرانی,سراميک,1,0,1,1,0,0,0,0,10395326
2,44,1,1,MDF,ايرانی,پارکت,1,0,1,0,1,0,0,0,10001581
3,80,2,1,هایگلاس,ايراني فرنگي,سراميک,1,0,1,1,0,0,0,1,3883576
4,69,2,1,MDF,ايرانی,سراميک,1,0,1,0,0,0,1,0,10164512
2,90,2,1,MDF,ايرانی,سنگ,1,0,0,0,0,0,0,1,10395328
2,55,2,1,MDF,ايرانی,لامنيت,0,0,0,0,0,0,0,0,10201955
1,58,1,1,MDF,ايرانی,سراميک,1,0,0,0,0,0,1,0,10201948
2,61,1,1,MDF,ايرانی,سراميک,1,0,1,0,0,0,1,0,10265330
3,42,1,1,فلزي,ايرانی,موکت,1,0,1,1,0,1,0,0,10395329
3,63,2,1,MDF,ايرانی,سنگ,1,0,0,1,0,0,0,1,10077264
1,64,2,1,MDF,ايرانی,سراميک,1,0,1,0,0,0,1,0,10297206
1,46,1,1,MDF,ايرانی,سراميک,1,0,0,0,0,0,0,0,10395330
5,85,2,1,MDF,ايرانی,سراميک,1,0,1,1,0,0,0,1,10298174
2,50,1,1,MDF,ايرانی,سراميک,1,0,1,0,0,0,1,1,10298357
مختلف,148,3,1,MDF,ايراني فرنگي,سنگ,1,0,1,1,0,0,1,1,10298466
3,138,3,1,MDF,ايراني فرنگي,سراميک,1,0,0,0,0,0,1,0,10301261
3,76,2,1,MDF,ايرانی,سراميک,1,0,1,1,1,1,1,0,10352235
1,90,2,1,MDF,ايراني فرنگي,سنگ,1,0,1,1,0,0,1,0,10335632
3,49,1,1,MDF,ايرانی,سراميک,1,0,1,0,0,0,0,1,10395333
3,51,1,1,MDF,ايرانی,سراميک,1,0,1,0,0,1,0,0,10395334
1,62,2,1,MDF,ايراني فرنگي,سراميک,1,0,1,0,0,0,1,0,10348428
1,50,1,1,نا مشخص,ايراني فرنگي,سراميک,0,0,0,0,0,0,0,0,10395346
2,62,1,1,MDF,ايراني فرنگي,سراميک,1,0,1,1,0,0,1,0,10395351
4,117,2,1,MDF,ايراني فرنگي,سنگ,1,0,1,1,0,0,0,1,10395356
1,135,3,1,MDF,فرنگی,سراميک,1,0,1,0,0,0,1,0,10395357
2,155,3,1,MDF,ايراني فرنگي,سراميک,1,0,0,0,0,0,1,0,2694552
1,93,2,1,MDF,ايراني فرنگي,سراميک,1,0,1,1,0,0,0,1,10395360
همكف,70,2,1,MDF,ايرانی,سنگ,1,0,1,0,0,0,1,0,10395361
4,65,2,1,MDF,ايرانی,سراميک,1,0,1,1,1,0,0,0,10395362
3,124,2,1,فلزي,ايرانی,سراميک,0,0,0,1,0,0,0,0,2859171
4,90,2,1,چوبي,ايراني فرنگي,سنگ,1,0,1,1,1,0,0,1,10395370
5,150,3,2,MDF,ايراني فرنگي,سنگ,1,0,1,1,0,0,1,1,10255711
4,45,1,1,MDF,ايرانی,لامنيت,1,0,1,0,0,0,1,0,10124478
2,91,2,1,MDF,ايراني فرنگي,پارکت,1,0,0,1,0,0,0,1,10335149
3,50,2,1,فلزي,ايرانی,سراميک,1,0,1,0,0,0,0,1,10262940
1,101,2,1,MDF,فرنگی,سراميک,1,0,1,1,0,0,0,1,10395383
5,50,1,1,MDF,ايراني فرنگي,سراميک,1,0,1,0,0,0,0,0,10405242
3,84,2,0,MDF,ايراني فرنگي,سنگ,1,0,1,0,0,0,1,1,10405243
4,82,2,1,MDF,ايراني فرنگي,سنگ,1,0,1,1,0,0,0,1,10405244
همكف,121,3,1,MDF,ايراني فرنگي,سراميک,1,0,1,1,0,0,1,1,10302055
3,150,3,1,فلزي,فرنگی,سراميک,0,0,1,1,0,0,0,0,10162259
1,100,2,1,MDF,ايراني فرنگي,سراميک,1,0,0,1,0,0,0,1,10405251
3,187,3,2,MDF,ايراني فرنگي,سراميک,1,0,1,1,0,0,1,1,3668055
2,79,2,1,MDF,ايراني فرنگي,سنگ,1,0,1,1,0,0,0,1,3437033
2,150,3,1,چوبي فلزي,ايرانی,سراميک,0,0,0,0,0,0,0,1,10080131
5,41,1,1,چوبي,ايراني فرنگي,سنگ,1,0,1,0,0,0,0,0,10265486
2,125,3,1,چوبي,ايراني فرنگي,سنگ,1,0,1,1,0,0,0,0,10405266
4,130,2,1,MDF,ايراني فرنگي,سراميک,1,0,1,1,0,0,1,0,10202113
3,130,2,2,MDF,ايراني فرنگي,سراميک,0,0,1,0,0,0,1,0,10405271
1,123,2,2,MDF,ايراني فرنگي,سراميک,1,0,1,0,0,0,1,0,10405273
3,220,3,2,MDF,ايراني فرنگي,سراميک,0,0,1,1,0,0,1,0,10405274
2,180,3,2,MDF,ايراني فرنگي,سراميک,1,0,1,1,0,0,1,1,10405275
1,85,2,1,MDF,ايراني فرنگي,سراميک,1,0,1,0,0,0,0,1,10297614
1,50,1,1,MDF,ايرانی,سراميک,1,0,1,0,0,0,1,0,10298237
4,150,3,1,MDF,ايراني فرنگي,سنگ,1,0,1,1,1,0,0,1,10301934
2,220,4,1,MDF,ايراني فرنگي,سراميک,1,0,1,0,0,0,1,0,10405277
2,67,2,1,MDF,ايرانی,سراميک,1,0,1,0,0,0,0,1,10405278
2,248,3,1,هایگلاس,ايراني فرنگي,سراميک,1,0,1,0,0,0,0,1,10297300
1,186,3,1,هایگلاس,ايراني فرنگي,سراميک,1,0,1,1,0,0,0,1,10297298
1,157,3,1,MDF,ايراني فرنگي,سراميک,1,0,1,1,0,0,1,0,10219396
1,126,3,1,MDF,ايراني فرنگي,سراميک,1,0,1,1,0,0,1,0,10202202
2,67,1,1,MDF,ايراني فرنگي,سراميک,1,0,1,0,0,0,1,0,10405282
9,285,4,1,MDF,ايراني فرنگي,سنگ,1,0,1,1,0,0,0,1,10405283
1,260,3,1,MDF,ايراني فرنگي,سنگ,1,0,1,1,0,0,0,1,3961058
4,104,2,1,چوبي فلزي,ايراني فرنگي,سنگ,0,0,0,0,0,0,0,0,10205985
1,223,3,1,MDF,ايراني فرنگي,سنگ,1,0,1,1,0,0,0,1,10164194
1,114,2,1,چوبي,ايراني فرنگي,لامنيت,1,0,1,1,0,0,1,0,10124788
5,109,2,1,MDF,ايراني فرنگي,سنگ,0,0,1,1,0,0,0,0,3999667
7,71,2,1,MDF,ايراني فرنگي,سراميک,1,0,1,1,0,0,1,0,10405284
1,150,3,1,چوبي,ايراني فرنگي,لامنيت,0,0,1,1,0,0,1,0,10078177
1,97,3,0,MDF,ايراني فرنگي,سراميک,1,0,1,1,0,0,1,0,10133870
1,50,1,1,MDF,ايرانی,سراميک,1,0,1,0,0,0,1,0,10353448
1,105,2,1,هایگلاس,ايراني فرنگي,پارکت,1,0,1,0,0,0,0,0,10405286
5,240,3,1,MDF,ايراني فرنگي,سراميک,1,0,1,1,0,0,1,1,10405294
3,130,3,1,MDF,فرنگی,سراميک,1,0,1,1,0,0,0,1,10405295
3,102,2,1,MDF,ايراني فرنگي,سنگ,1,0,1,1,0,0,0,1,3601765
4,100,2,1,MDF,ايراني فرنگي,سراميک,1,0,1,1,0,0,0,1,10177296
3,127,3,1,MDF,ايراني فرنگي,سنگ,1,0,1,1,0,0,1,0,10333571
5,135,3,2,MDF,ايراني فرنگي,سراميک,1,0,1,1,0,0,1,0,10405298
7,93,2,1,MDF,ايراني فرنگي,سراميک,1,0,1,1,0,0,1,0,10178163
9,193,3,1,MDF,ايراني فرنگي,سراميک,1,0,1,1,0,0,1,0,10405299
1,80,2,1,هایگلاس,ايراني فرنگي,سراميک,1,0,1,0,0,0,1,0,10333329
1,167,3,1,MDF,ايراني فرنگي,سراميک,1,0,1,1,0,0,1,1,10349940
2,98,2,1,MDF,ايراني فرنگي,سنگ,1,0,1,1,0,0,0,1,10296526
2,80,2,1,MDF,ايراني فرنگي,سراميک,1,0,0,1,0,0,0,1,3093858
3,76,1,1,MDF,ايرانی,موزائيک,1,0,1,0,0,0,0,1,3448381
4,66,2,1,MDF,ايرانی,سراميک,1,0,1,1,0,0,1,0,10405304
4,75,2,1,MDF,ايراني فرنگي,پارکت,1,0,1,0,0,0,0,1,10298278
2,150,4,1,MDF,ايراني فرنگي,سراميک,1,0,1,0,0,0,1,0,10405305
1,110,2,1,MDF,ايراني فرنگي,سنگ,1,0,1,1,0,0,1,0,10405307
3,160,3,1,فلزي,ايراني فرنگي,سراميک,1,0,1,1,0,0,1,0,10405308
2,51,1,1,چوبي,ايراني فرنگي,سنگ,1,0,1,1,0,0,0,1,10248441
3,130,3,1,MDF,ايراني فرنگي,سراميک,1,0,1,1,0,0,1,0,10251409
4,53,1,1,MDF,ايراني فرنگي,سنگ,1,0,0,1,0,0,1,0,10405311
5,60,1,1,MDF,ايرانی,سراميک,1,0,1,0,0,0,0,1,10300087
5,84,2,1,MDF,ايراني فرنگي,سراميک,1,0,1,0,0,0,1,0,10333214
4,127,3,1,MDF,ايراني فرنگي,پارکت,1,0,1,1,0,0,0,1,10332719
9,79,2,1,MDF,ايراني فرنگي,سراميک,1,0,1,1,0,0,0,1,3990741
4,66,2,1,MDF,ايرانی,سراميک,1,0,1,1,0,0,0,1,10298836
4,66,2,1,MDF,ايرانی,سراميک,1,0,1,1,0,0,0,1,10298836
